Country,Coffee type,Year Start,Year End,Total Production
Angola,Robusta/Arabica,631152000,662601600,3000000.0
Bolivia,Arabica,631152000,662601600,7380000.0
Brazil,Arabica/Robusta,631152000,662601600,1637160000.0
Burundi,Arabica/Robusta,631152000,662601600,29220000.0
Ecuador,Arabica/Robusta,631152000,662601600,90240000.0
Indonesia,Robusta/Arabica,631152000,662601600,446460000.0
Madagascar,Robusta,631152000,662601600,58920000.0
Malawi,Arabica,631152000,662601600,6300000.0
Papua New Guinea,Arabica/Robusta,631152000,662601600,57780000.0
Paraguay,Arabica,631152000,662601600,7860000.0
Peru,Arabica,631152000,662601600,56220000.0
Rwanda,Arabica,631152000,662601600,32100000.0
Timor-Leste,Arabica,631152000,662601600,0.0
Zimbabwe,Arabica,631152000,662601600,15120000.0
Congo,Robusta,631152000,662601600,180000.0
Cuba,Arabica,631152000,662601600,24840000.0
Dominican Republic,Arabica/Robusta,631152000,662601600,52800000.0
Haiti,Arabica,631152000,662601600,23580000.0
Philippines,Robusta/Arabica,631152000,662601600,58440000.0
Tanzania,Arabica/Robusta,631152000,662601600,55920000.0
Zambia,Arabica,631152000,662601600,1380000.0
Cameroon,Robusta/Arabica,631152000,662601600,100920000.0
Central African Republic,Robusta,631152000,662601600,10500000.0
Colombia,Arabica,631152000,662601600,863760000.0
Costa Rica,Arabica,631152000,662601600,153720000.0
Côte d'Ivoire,Robusta,631152000,662601600,176400000.0
Democratic Republic of Congo,Robusta/Arabica,631152000,662601600,94800000.0
El Salvador,Arabica,631152000,662601600,147900000.0
Equatorial Guinea,Robusta,631152000,662601600,240000.0
Ethiopia,Arabica,631152000,662601600,174540000.0
Gabon,Robusta,631152000,662601600,180000.0
Ghana,Robusta,631152000,662601600,2280000.0
Guatemala,Arabica/Robusta,631152000,662601600,196260000.0
Guinea,Robusta,631152000,662601600,2640000.0
Guyana,Robusta,631152000,662601600,0.0
Honduras,Arabica,631152000,662601600,94080000.0
India,Robusta/Arabica,631152000,662601600,169740000.0
Jamaica,Arabica,631152000,662601600,1380000.0
Kenya,Arabica,631152000,662601600,89100000.0
Lao People's Democratic Republic,Robusta,631152000,662601600,0.0
Liberia,Robusta,631152000,662601600,180000.0
Mexico,Arabica/Robusta,631152000,662601600,280440000.0
Nepal,Arabica,631152000,662601600,0.0
Nicaragua,Arabica,631152000,662601600,27660000.0
Nigeria,Robusta,631152000,662601600,1740000.0
Panama,Arabica,631152000,662601600,12900000.0
Sierra Leone,Robusta,631152000,662601600,2580000.0
Sri Lanka,Robusta/Arabica,631152000,662601600,5760000.0
Thailand,Robusta/Arabica,631152000,662601600,45420000.0
Togo,Robusta,631152000,662601600,9660000.0
Trinidad & Tobago,Robusta,631152000,662601600,900000.0
Uganda,Robusta/Arabica,631152000,662601600,117300000.0
Venezuela,Arabica,631152000,662601600,67320000.0
Viet Nam,Robusta/Arabica,631152000,662601600,78600000.0
Yemen,Arabica,631152000,662601600,0.0
Angola,Robusta/Arabica,662688000,694137600,4740000.0
Bolivia,Arabica,662688000,694137600,6240000.0
Brazil,Arabica/Robusta,662688000,694137600,1637580000.0
Burundi,Arabica/Robusta,662688000,694137600,40020000.0
Ecuador,Arabica/Robusta,662688000,694137600,127440000.0
Indonesia,Robusta/Arabica,662688000,694137600,509580000.0
Madagascar,Robusta,662688000,694137600,55980000.0
Malawi,Arabica,662688000,694137600,7440000.0
Papua New Guinea,Arabica/Robusta,662688000,694137600,44820000.0
Paraguay,Arabica,662688000,694137600,4800000.0
Peru,Arabica,662688000,694137600,72000000.0
Rwanda,Arabica,662688000,694137600,29040000.0
Timor-Leste,Arabica,662688000,694137600,0.0
Zimbabwe,Arabica,662688000,694137600,12060000.0
Congo,Robusta,662688000,694137600,180000.0
Cuba,Arabica,662688000,694137600,18120000.0
Dominican Republic,Arabica/Robusta,662688000,694137600,19260000.0
Haiti,Arabica,662688000,694137600,27780000.0
Philippines,Robusta/Arabica,662688000,694137600,61080000.0
Tanzania,Arabica/Robusta,662688000,694137600,47400000.0
Zambia,Arabica,662688000,694137600,1740000.0
Cameroon,Robusta/Arabica,662688000,694137600,103560000.0
Central African Republic,Robusta,662688000,694137600,7500000.0
Colombia,Arabica,662688000,694137600,1078800000.0
Costa Rica,Arabica,662688000,694137600,165600000.0
Côte d'Ivoire,Robusta,662688000,694137600,247740000.0
Democratic Republic of Congo,Robusta/Arabica,662688000,694137600,73800000.0
El Salvador,Arabica,662688000,694137600,131880000.0
Equatorial Guinea,Robusta,662688000,694137600,180000.0
Ethiopia,Arabica,662688000,694137600,175500000.0
Gabon,Robusta,662688000,694137600,120000.0
Ghana,Robusta,662688000,694137600,4560000.0
Guatemala,Arabica/Robusta,662688000,694137600,209820000.0
Guinea,Robusta,662688000,694137600,5460000.0
Guyana,Robusta,662688000,694137600,0.0
Honduras,Arabica,662688000,694137600,139320000.0
India,Robusta/Arabica,662688000,694137600,180000000.0
Jamaica,Arabica,662688000,694137600,2340000.0
Kenya,Arabica,662688000,694137600,90840000.0
Lao People's Democratic Republic,Robusta,662688000,694137600,0.0
Liberia,Robusta,662688000,694137600,180000.0
Mexico,Arabica/Robusta,662688000,694137600,283620000.0
Nepal,Arabica,662688000,694137600,0.0
Nicaragua,Arabica,662688000,694137600,42420000.0
Nigeria,Robusta,662688000,694137600,2640000.0
Panama,Arabica,662688000,694137600,11580000.0
Sierra Leone,Robusta,662688000,694137600,3240000.0
Sri Lanka,Robusta/Arabica,662688000,694137600,4920000.0
Thailand,Robusta/Arabica,662688000,694137600,88140000.0
Togo,Robusta,662688000,694137600,25980000.0
Trinidad & Tobago,Robusta,662688000,694137600,1080000.0
Uganda,Robusta/Arabica,662688000,694137600,125280000.0
Venezuela,Arabica,662688000,694137600,56460000.0
Viet Nam,Robusta/Arabica,662688000,694137600,86280000.0
Yemen,Arabica,662688000,694137600,0.0
Angola,Robusta/Arabica,694224000,725760000,4680000.0
Bolivia,Arabica,694224000,725760000,7200000.0
Brazil,Arabica/Robusta,694224000,725760000,2076180000.0
Burundi,Arabica/Robusta,694224000,725760000,37200000.0
Ecuador,Arabica/Robusta,694224000,725760000,71100000.0
Indonesia,Robusta/Arabica,694224000,725760000,334140000.0
Madagascar,Robusta,694224000,725760000,67320000.0
Malawi,Arabica,694224000,725760000,8220000.0
Papua New Guinea,Arabica/Robusta,694224000,725760000,54000000.0
Paraguay,Arabica,694224000,725760000,3240000.0
Peru,Arabica,694224000,725760000,105720000.0
Rwanda,Arabica,694224000,725760000,38340000.0
Timor-Leste,Arabica,694224000,725760000,0.0
Zimbabwe,Arabica,694224000,725760000,4680000.0
Congo,Robusta,694224000,725760000,180000.0
Cuba,Arabica,694224000,725760000,17040000.0
Dominican Republic,Arabica/Robusta,694224000,725760000,38280000.0
Haiti,Arabica,694224000,725760000,30000000.0
Philippines,Robusta/Arabica,694224000,725760000,55200000.0
Tanzania,Arabica/Robusta,694224000,725760000,47160000.0
Zambia,Arabica,694224000,725760000,1740000.0
Cameroon,Robusta/Arabica,694224000,725760000,15600000.0
Central African Republic,Robusta,694224000,725760000,8040000.0
Colombia,Arabica,694224000,725760000,896820000.0
Costa Rica,Arabica,694224000,725760000,179880000.0
Côte d'Ivoire,Robusta,694224000,725760000,134760000.0
Democratic Republic of Congo,Robusta/Arabica,694224000,725760000,70800000.0
El Salvador,Arabica,694224000,725760000,180060000.0
Equatorial Guinea,Robusta,694224000,725760000,120000.0
Ethiopia,Arabica,694224000,725760000,109500000.0
Gabon,Robusta,694224000,725760000,180000.0
Ghana,Robusta,694224000,725760000,2220000.0
Guatemala,Arabica/Robusta,694224000,725760000,259080000.0
Guinea,Robusta,694224000,725760000,4560000.0
Guyana,Robusta,694224000,725760000,0.0
Honduras,Arabica,694224000,725760000,115080000.0
India,Robusta/Arabica,694224000,725760000,169380000.0
Jamaica,Arabica,694224000,725760000,1560000.0
Kenya,Arabica,694224000,725760000,78960000.0
Lao People's Democratic Republic,Robusta,694224000,725760000,0.0
Liberia,Robusta,694224000,725760000,180000.0
Mexico,Arabica/Robusta,694224000,725760000,204060000.0
Nepal,Arabica,694224000,725760000,0.0
Nicaragua,Arabica,694224000,725760000,32820000.0
Nigeria,Robusta,694224000,725760000,2940000.0
Panama,Arabica,694224000,725760000,11820000.0
Sierra Leone,Robusta,694224000,725760000,2340000.0
Sri Lanka,Robusta/Arabica,694224000,725760000,3180000.0
Thailand,Robusta/Arabica,694224000,725760000,75300000.0
Togo,Robusta,694224000,725760000,5160000.0
Trinidad & Tobago,Robusta,694224000,725760000,840000.0
Uganda,Robusta/Arabica,694224000,725760000,131100000.0
Venezuela,Arabica,694224000,725760000,72900000.0
Viet Nam,Robusta/Arabica,694224000,725760000,140400000.0
Yemen,Arabica,694224000,725760000,0.0
Angola,Robusta/Arabica,725846400,757296000,1980000.0
Bolivia,Arabica,725846400,757296000,3060000.0
Brazil,Arabica/Robusta,725846400,757296000,1690020000.0
Burundi,Arabica/Robusta,725846400,757296000,23580000.0
Ecuador,Arabica/Robusta,725846400,757296000,124140000.0
Indonesia,Robusta/Arabica,725846400,757296000,404580000.0
Madagascar,Robusta,725846400,757296000,26520000.0
Malawi,Arabica,725846400,757296000,3720000.0
Papua New Guinea,Arabica/Robusta,725846400,757296000,61140000.0
Paraguay,Arabica,725846400,757296000,4020000.0
Peru,Arabica,725846400,757296000,39900000.0
Rwanda,Arabica,725846400,757296000,26640000.0
Timor-Leste,Arabica,725846400,757296000,0.0
Zimbabwe,Arabica,725846400,757296000,720000.0
Congo,Robusta,725846400,757296000,180000.0
Cuba,Arabica,725846400,757296000,17100000.0
Dominican Republic,Arabica/Robusta,725846400,757296000,36240000.0
Haiti,Arabica,725846400,757296000,27060000.0
Philippines,Robusta/Arabica,725846400,757296000,52500000.0
Tanzania,Arabica/Robusta,725846400,757296000,44040000.0
Zambia,Arabica,725846400,757296000,1620000.0
Cameroon,Robusta/Arabica,725846400,757296000,40980000.0
Central African Republic,Robusta,725846400,757296000,9960000.0
Colombia,Arabica,725846400,757296000,685320000.0
Costa Rica,Arabica,725846400,757296000,141540000.0
Côte d'Ivoire,Robusta,725846400,757296000,137580000.0
Democratic Republic of Congo,Robusta/Arabica,725846400,757296000,58800000.0
El Salvador,Arabica,725846400,757296000,142680000.0
Equatorial Guinea,Robusta,725846400,757296000,0.0
Ethiopia,Arabica,725846400,757296000,178020000.0
Gabon,Robusta,725846400,757296000,180000.0
Ghana,Robusta,725846400,757296000,2700000.0
Guatemala,Arabica/Robusta,725846400,757296000,212160000.0
Guinea,Robusta,725846400,757296000,3840000.0
Guyana,Robusta,725846400,757296000,0.0
Honduras,Arabica,725846400,757296000,109740000.0
India,Robusta/Arabica,725846400,757296000,211980000.0
Jamaica,Arabica,725846400,757296000,2040000.0
Kenya,Arabica,725846400,757296000,79680000.0
Lao People's Democratic Republic,Robusta,725846400,757296000,0.0
Liberia,Robusta,725846400,757296000,300000.0
Mexico,Arabica/Robusta,725846400,757296000,301380000.0
Nepal,Arabica,725846400,757296000,0.0
Nicaragua,Arabica,725846400,757296000,42360000.0
Nigeria,Robusta,725846400,757296000,2700000.0
Panama,Arabica,725846400,757296000,8520000.0
Sierra Leone,Robusta,725846400,757296000,2220000.0
Sri Lanka,Robusta/Arabica,725846400,757296000,3240000.0
Thailand,Robusta/Arabica,725846400,757296000,76500000.0
Togo,Robusta,725846400,757296000,11700000.0
Trinidad & Tobago,Robusta,725846400,757296000,960000.0
Uganda,Robusta/Arabica,725846400,757296000,188520000.0
Venezuela,Arabica,725846400,757296000,79980000.0
Viet Nam,Robusta/Arabica,725846400,757296000,181200000.0
Yemen,Arabica,725846400,757296000,0.0
Angola,Robusta/Arabica,757382400,788832000,4620000.0
Bolivia,Arabica,757382400,788832000,7020000.0
Brazil,Arabica/Robusta,757382400,788832000,1691520000.0
Burundi,Arabica/Robusta,757382400,788832000,39840000.0
Ecuador,Arabica/Robusta,757382400,788832000,142560000.0
Indonesia,Robusta/Arabica,757382400,788832000,322080000.0
Madagascar,Robusta,757382400,788832000,38460000.0
Malawi,Arabica,757382400,788832000,5040000.0
Papua New Guinea,Arabica/Robusta,757382400,788832000,68340000.0
Paraguay,Arabica,757382400,788832000,1500000.0
Peru,Arabica,757382400,788832000,70740000.0
Rwanda,Arabica,757382400,788832000,1320000.0
Timor-Leste,Arabica,757382400,788832000,0.0
Zimbabwe,Arabica,757382400,788832000,6360000.0
Congo,Robusta,757382400,788832000,480000.0
Cuba,Arabica,757382400,788832000,17040000.0
Dominican Republic,Arabica/Robusta,757382400,788832000,43800000.0
Haiti,Arabica,757382400,788832000,27000000.0
Philippines,Robusta/Arabica,757382400,788832000,52620000.0
Tanzania,Arabica/Robusta,757382400,788832000,40740000.0
Zambia,Arabica,757382400,788832000,1260000.0
Cameroon,Robusta/Arabica,757382400,788832000,24360000.0
Central African Republic,Robusta,757382400,788832000,15000000.0
Colombia,Arabica,757382400,788832000,777840000.0
Costa Rica,Arabica,757382400,788832000,148920000.0
Côte d'Ivoire,Robusta,757382400,788832000,180360000.0
Democratic Republic of Congo,Robusta/Arabica,757382400,788832000,77880000.0
El Salvador,Arabica,757382400,788832000,137580000.0
Equatorial Guinea,Robusta,757382400,788832000,180000.0
Ethiopia,Arabica,757382400,788832000,165780000.0
Gabon,Robusta,757382400,788832000,480000.0
Ghana,Robusta,757382400,788832000,3420000.0
Guatemala,Arabica/Robusta,757382400,788832000,227220000.0
Guinea,Robusta,757382400,788832000,11880000.0
Guyana,Robusta,757382400,788832000,0.0
Honduras,Arabica,757382400,788832000,130860000.0
India,Robusta/Arabica,757382400,788832000,180120000.0
Jamaica,Arabica,757382400,788832000,2700000.0
Kenya,Arabica,757382400,788832000,99780000.0
Lao People's Democratic Republic,Robusta,757382400,788832000,0.0
Liberia,Robusta,757382400,788832000,300000.0
Mexico,Arabica/Robusta,757382400,788832000,249540000.0
Nepal,Arabica,757382400,788832000,0.0
Nicaragua,Arabica,757382400,788832000,40980000.0
Nigeria,Robusta,757382400,788832000,3120000.0
Panama,Arabica,757382400,788832000,14880000.0
Sierra Leone,Robusta,757382400,788832000,4380000.0
Sri Lanka,Robusta/Arabica,757382400,788832000,2520000.0
Thailand,Robusta/Arabica,757382400,788832000,83940000.0
Togo,Robusta,757382400,788832000,10560000.0
Trinidad & Tobago,Robusta,757382400,788832000,1080000.0
Uganda,Robusta/Arabica,757382400,788832000,143580000.0
Venezuela,Arabica,757382400,788832000,59340000.0
Viet Nam,Robusta/Arabica,757382400,788832000,217920000.0
Yemen,Arabica,757382400,788832000,0.0
Angola,Robusta/Arabica,788918400,820368000,3720000.0
Bolivia,Arabica,788918400,820368000,8520000.0
Brazil,Arabica/Robusta,788918400,820368000,1083600000.0
Burundi,Arabica/Robusta,788918400,820368000,26040000.0
Ecuador,Arabica/Robusta,788918400,820368000,113280000.0
Indonesia,Robusta/Arabica,788918400,820368000,274380000.0
Madagascar,Robusta,788918400,820368000,47100000.0
Malawi,Arabica,788918400,820368000,5460000.0
Papua New Guinea,Arabica/Robusta,788918400,820368000,60120000.0
Paraguay,Arabica,788918400,820368000,1560000.0
Peru,Arabica,788918400,820368000,112260000.0
Rwanda,Arabica,788918400,820368000,19740000.0
Timor-Leste,Arabica,788918400,820368000,0.0
Zimbabwe,Arabica,788918400,820368000,7860000.0
Congo,Robusta,788918400,820368000,720000.0
Cuba,Arabica,788918400,820368000,17100000.0
Dominican Republic,Arabica/Robusta,788918400,820368000,53160000.0
Haiti,Arabica,788918400,820368000,30840000.0
Philippines,Robusta/Arabica,788918400,820368000,51000000.0
Tanzania,Arabica/Robusta,788918400,820368000,53820000.0
Zambia,Arabica,788918400,820368000,1560000.0
Cameroon,Robusta/Arabica,788918400,820368000,39600000.0
Central African Republic,Robusta,788918400,820368000,6480000.0
Colombia,Arabica,788918400,820368000,776280000.0
Costa Rica,Arabica,788918400,820368000,170640000.0
Côte d'Ivoire,Robusta,788918400,820368000,151920000.0
Democratic Republic of Congo,Robusta/Arabica,788918400,820368000,65880000.0
El Salvador,Arabica,788918400,820368000,155100000.0
Equatorial Guinea,Robusta,788918400,820368000,120000.0
Ethiopia,Arabica,788918400,820368000,189900000.0
Gabon,Robusta,788918400,820368000,120000.0
Ghana,Robusta,788918400,820368000,3420000.0
Guatemala,Arabica/Robusta,788918400,820368000,240120000.0
Guinea,Robusta,788918400,820368000,6240000.0
Guyana,Robusta,788918400,820368000,0.0
Honduras,Arabica,788918400,820368000,114540000.0
India,Robusta/Arabica,788918400,820368000,240720000.0
Jamaica,Arabica,788918400,820368000,2580000.0
Kenya,Arabica,788918400,820368000,99840000.0
Lao People's Democratic Republic,Robusta,788918400,820368000,0.0
Liberia,Robusta,788918400,820368000,300000.0
Mexico,Arabica/Robusta,788918400,820368000,318000000.0
Nepal,Arabica,788918400,820368000,0.0
Nicaragua,Arabica,788918400,820368000,59100000.0
Nigeria,Robusta,788918400,820368000,3180000.0
Panama,Arabica,788918400,820368000,12540000.0
Sierra Leone,Robusta,788918400,820368000,2640000.0
Sri Lanka,Robusta/Arabica,788918400,820368000,2160000.0
Thailand,Robusta/Arabica,788918400,820368000,79020000.0
Togo,Robusta,788918400,820368000,5040000.0
Trinidad & Tobago,Robusta,788918400,820368000,1080000.0
Uganda,Robusta/Arabica,788918400,820368000,194640000.0
Venezuela,Arabica,788918400,820368000,88020000.0
Viet Nam,Robusta/Arabica,788918400,820368000,238200000.0
Yemen,Arabica,788918400,820368000,0.0
Angola,Robusta/Arabica,820454400,851990400,4260000.0
Bolivia,Arabica,820454400,851990400,7500000.0
Brazil,Arabica/Robusta,820454400,851990400,1751820000.0
Burundi,Arabica/Robusta,820454400,851990400,24060000.0
Ecuador,Arabica/Robusta,820454400,851990400,119580000.0
Indonesia,Robusta/Arabica,820454400,851990400,493260000.0
Madagascar,Robusta,820454400,851990400,50940000.0
Malawi,Arabica,820454400,851990400,2940000.0
Papua New Guinea,Arabica/Robusta,820454400,851990400,65340000.0
Paraguay,Arabica,820454400,851990400,1860000.0
Peru,Arabica,820454400,851990400,108360000.0
Rwanda,Arabica,820454400,851990400,17580000.0
Timor-Leste,Arabica,820454400,851990400,0.0
Zimbabwe,Arabica,820454400,851990400,10440000.0
Congo,Robusta,820454400,851990400,840000.0
Cuba,Arabica,820454400,851990400,21960000.0
Dominican Republic,Arabica/Robusta,820454400,851990400,31140000.0
Haiti,Arabica,820454400,851990400,25680000.0
Philippines,Robusta/Arabica,820454400,851990400,53400000.0
Tanzania,Arabica/Robusta,820454400,851990400,45840000.0
Zambia,Arabica,820454400,851990400,1980000.0
Cameroon,Robusta/Arabica,820454400,851990400,85920000.0
Central African Republic,Robusta,820454400,851990400,12480000.0
Colombia,Arabica,820454400,851990400,646740000.0
Costa Rica,Arabica,820454400,851990400,133320000.0
Côte d'Ivoire,Robusta,820454400,851990400,291540000.0
Democratic Republic of Congo,Robusta/Arabica,820454400,851990400,47700000.0
El Salvador,Arabica,820454400,851990400,152040000.0
Equatorial Guinea,Robusta,820454400,851990400,60000.0
Ethiopia,Arabica,820454400,851990400,204420000.0
Gabon,Robusta,820454400,851990400,60000.0
Ghana,Robusta,820454400,851990400,1920000.0
Guatemala,Arabica/Robusta,820454400,851990400,271500000.0
Guinea,Robusta,820454400,851990400,8880000.0
Guyana,Robusta,820454400,851990400,0.0
Honduras,Arabica,820454400,851990400,120240000.0
India,Robusta/Arabica,820454400,851990400,205020000.0
Jamaica,Arabica,820454400,851990400,3240000.0
Kenya,Arabica,820454400,851990400,74820000.0
Lao People's Democratic Republic,Robusta,820454400,851990400,0.0
Liberia,Robusta,820454400,851990400,300000.0
Mexico,Arabica/Robusta,820454400,851990400,306600000.0
Nepal,Arabica,820454400,851990400,0.0
Nicaragua,Arabica,820454400,851990400,47580000.0
Nigeria,Robusta,820454400,851990400,2760000.0
Panama,Arabica,820454400,851990400,12660000.0
Sierra Leone,Robusta,820454400,851990400,2460000.0
Sri Lanka,Robusta/Arabica,820454400,851990400,2220000.0
Thailand,Robusta/Arabica,820454400,851990400,84240000.0
Togo,Robusta,820454400,851990400,17460000.0
Trinidad & Tobago,Robusta,820454400,851990400,1080000.0
Uganda,Robusta/Arabica,820454400,851990400,205140000.0
Venezuela,Arabica,820454400,851990400,72360000.0
Viet Nam,Robusta/Arabica,820454400,851990400,345120000.0
Yemen,Arabica,820454400,851990400,0.0
Angola,Robusta/Arabica,852076800,883526400,3840000.0
Bolivia,Arabica,852076800,883526400,8460000.0
Brazil,Arabica/Robusta,852076800,883526400,1568880000.0
Burundi,Arabica/Robusta,852076800,883526400,15000000.0
Ecuador,Arabica/Robusta,852076800,883526400,71460000.0
Indonesia,Robusta/Arabica,852076800,883526400,457260000.0
Madagascar,Robusta,852076800,883526400,37440000.0
Malawi,Arabica,852076800,883526400,3660000.0
Papua New Guinea,Arabica/Robusta,852076800,883526400,64440000.0
Paraguay,Arabica,852076800,883526400,2940000.0
Peru,Arabica,852076800,883526400,115800000.0
Rwanda,Arabica,852076800,883526400,11580000.0
Timor-Leste,Arabica,852076800,883526400,0.0
Zimbabwe,Arabica,852076800,883526400,7800000.0
Congo,Robusta,852076800,883526400,180000.0
Cuba,Arabica,852076800,883526400,18000000.0
Dominican Republic,Arabica/Robusta,852076800,883526400,56460000.0
Haiti,Arabica,852076800,883526400,25920000.0
Philippines,Robusta/Arabica,852076800,883526400,56100000.0
Tanzania,Arabica/Robusta,852076800,883526400,37440000.0
Zambia,Arabica,852076800,883526400,2280000.0
Cameroon,Robusta/Arabica,852076800,883526400,53340000.0
Central African Republic,Robusta,852076800,883526400,6840000.0
Colombia,Arabica,852076800,883526400,727320000.0
Costa Rica,Arabica,852076800,883526400,157020000.0
Côte d'Ivoire,Robusta,852076800,883526400,249840000.0
Democratic Republic of Congo,Robusta/Arabica,852076800,883526400,48660000.0
El Salvador,Arabica,852076800,883526400,130500000.0
Equatorial Guinea,Robusta,852076800,883526400,120000.0
Ethiopia,Arabica,852076800,883526400,183420000.0
Gabon,Robusta,852076800,883526400,180000.0
Ghana,Robusta,852076800,883526400,1620000.0
Guatemala,Arabica/Robusta,852076800,883526400,253140000.0
Guinea,Robusta,852076800,883526400,10320000.0
Guyana,Robusta,852076800,883526400,0.0
Honduras,Arabica,852076800,883526400,153840000.0
India,Robusta/Arabica,852076800,883526400,246540000.0
Jamaica,Arabica,852076800,883526400,2820000.0
Kenya,Arabica,852076800,883526400,52920000.0
Lao People's Democratic Republic,Robusta,852076800,883526400,0.0
Liberia,Robusta,852076800,883526400,300000.0
Mexico,Arabica/Robusta,852076800,883526400,288120000.0
Nepal,Arabica,852076800,883526400,0.0
Nicaragua,Arabica,852076800,883526400,65040000.0
Nigeria,Robusta,852076800,883526400,2700000.0
Panama,Arabica,852076800,883526400,13020000.0
Sierra Leone,Robusta,852076800,883526400,3000000.0
Sri Lanka,Robusta/Arabica,852076800,883526400,3480000.0
Thailand,Robusta/Arabica,852076800,883526400,77580000.0
Togo,Robusta,852076800,883526400,13260000.0
Trinidad & Tobago,Robusta,852076800,883526400,1140000.0
Uganda,Robusta/Arabica,852076800,883526400,206400000.0
Venezuela,Arabica,852076800,883526400,57060000.0
Viet Nam,Robusta/Arabica,852076800,883526400,418740000.0
Yemen,Arabica,852076800,883526400,0.0
Angola,Robusta/Arabica,883612800,915062400,5100000.0
Bolivia,Arabica,883612800,915062400,8280000.0
Brazil,Arabica/Robusta,883612800,915062400,2205660000.0
Burundi,Arabica/Robusta,883612800,915062400,29520000.0
Ecuador,Arabica/Robusta,883612800,915062400,72360000.0
Indonesia,Robusta/Arabica,883612800,915062400,437760000.0
Madagascar,Robusta,883612800,915062400,59520000.0
Malawi,Arabica,883612800,915062400,3840000.0
Papua New Guinea,Arabica/Robusta,883612800,915062400,81120000.0
Paraguay,Arabica,883612800,915062400,1920000.0
Peru,Arabica,883612800,915062400,126120000.0
Rwanda,Arabica,883612800,915062400,13380000.0
Timor-Leste,Arabica,883612800,915062400,0.0
Zimbabwe,Arabica,883612800,915062400,8940000.0
Congo,Robusta,883612800,915062400,180000.0
Cuba,Arabica,883612800,915062400,16800000.0
Dominican Republic,Arabica/Robusta,883612800,915062400,29220000.0
Haiti,Arabica,883612800,915062400,26340000.0
Philippines,Robusta/Arabica,883612800,915062400,40620000.0
Tanzania,Arabica/Robusta,883612800,915062400,44340000.0
Zambia,Arabica,883612800,915062400,3720000.0
Cameroon,Robusta/Arabica,883612800,915062400,66840000.0
Central African Republic,Robusta,883612800,915062400,12900000.0
Colombia,Arabica,883612800,915062400,652080000.0
Costa Rica,Arabica,883612800,915062400,146700000.0
Côte d'Ivoire,Robusta,883612800,915062400,119520000.0
Democratic Republic of Congo,Robusta/Arabica,883612800,915062400,44280000.0
El Salvador,Arabica,883612800,915062400,123300000.0
Equatorial Guinea,Robusta,883612800,915062400,60000.0
Ethiopia,Arabica,883612800,915062400,175680000.0
Gabon,Robusta,883612800,915062400,240000.0
Ghana,Robusta,883612800,915062400,3240000.0
Guatemala,Arabica/Robusta,883612800,915062400,293580000.0
Guinea,Robusta,883612800,915062400,25260000.0
Guyana,Robusta,883612800,915062400,360000.0
Honduras,Arabica,883612800,915062400,131700000.0
India,Robusta/Arabica,883612800,915062400,265020000.0
Jamaica,Arabica,883612800,915062400,1740000.0
Kenya,Arabica,883612800,915062400,70380000.0
Lao People's Democratic Republic,Robusta,883612800,915062400,10260000.0
Liberia,Robusta,883612800,915062400,1080000.0
Mexico,Arabica/Robusta,883612800,915062400,288060000.0
Nepal,Arabica,883612800,915062400,0.0
Nicaragua,Arabica,883612800,915062400,64380000.0
Nigeria,Robusta,883612800,915062400,3180000.0
Panama,Arabica,883612800,915062400,11520000.0
Sierra Leone,Robusta,883612800,915062400,1620000.0
Sri Lanka,Robusta/Arabica,883612800,915062400,2760000.0
Thailand,Robusta/Arabica,883612800,915062400,54960000.0
Togo,Robusta,883612800,915062400,19260000.0
Trinidad & Tobago,Robusta,883612800,915062400,1020000.0
Uganda,Robusta/Arabica,883612800,915062400,203160000.0
Venezuela,Arabica,883612800,915062400,95820000.0
Viet Nam,Robusta/Arabica,883612800,915062400,423120000.0
Yemen,Arabica,883612800,915062400,4140000.0
Angola,Robusta/Arabica,915148800,946598400,3300000.0
Bolivia,Arabica,915148800,946598400,9480000.0
Brazil,Arabica/Robusta,915148800,946598400,2854680000.0
Burundi,Arabica/Robusta,915148800,946598400,21060000.0
Ecuador,Arabica/Robusta,915148800,946598400,71880000.0
Indonesia,Robusta/Arabica,915148800,946598400,393420000.0
Madagascar,Robusta,915148800,946598400,25620000.0
Malawi,Arabica,915148800,946598400,3540000.0
Papua New Guinea,Arabica/Robusta,915148800,946598400,83220000.0
Paraguay,Arabica,915148800,946598400,1140000.0
Peru,Arabica,915148800,946598400,164640000.0
Rwanda,Arabica,915148800,946598400,18420000.0
Timor-Leste,Arabica,915148800,946598400,0.0
Zimbabwe,Arabica,915148800,946598400,7500000.0
Congo,Robusta,915148800,946598400,180000.0
Cuba,Arabica,915148800,946598400,19680000.0
Dominican Republic,Arabica/Robusta,915148800,946598400,36420000.0
Haiti,Arabica,915148800,946598400,23940000.0
Philippines,Robusta/Arabica,915148800,946598400,37320000.0
Tanzania,Arabica/Robusta,915148800,946598400,50520000.0
Zambia,Arabica,915148800,946598400,3540000.0
Cameroon,Robusta/Arabica,915148800,946598400,82200000.0
Central African Republic,Robusta,915148800,946598400,14460000.0
Colombia,Arabica,915148800,946598400,570720000.0
Costa Rica,Arabica,915148800,946598400,149100000.0
Côte d'Ivoire,Robusta,915148800,946598400,379200000.0
Democratic Republic of Congo,Robusta/Arabica,915148800,946598400,28620000.0
El Salvador,Arabica,915148800,946598400,155880000.0
Equatorial Guinea,Robusta,915148800,946598400,0.0
Ethiopia,Arabica,915148800,946598400,227040000.0
Gabon,Robusta,915148800,946598400,120000.0
Ghana,Robusta,915148800,946598400,5340000.0
Guatemala,Arabica/Robusta,915148800,946598400,307200000.0
Guinea,Robusta,915148800,946598400,21840000.0
Guyana,Robusta,915148800,946598400,300000.0
Honduras,Arabica,915148800,946598400,179100000.0
India,Robusta/Arabica,915148800,946598400,292020000.0
Jamaica,Arabica,915148800,946598400,2280000.0
Kenya,Arabica,915148800,946598400,90120000.0
Lao People's Democratic Republic,Robusta,915148800,946598400,14340000.0
Liberia,Robusta,915148800,946598400,720000.0
Mexico,Arabica/Robusta,915148800,946598400,373140000.0
Nepal,Arabica,915148800,946598400,0.0
Nicaragua,Arabica,915148800,946598400,93240000.0
Nigeria,Robusta,915148800,946598400,2700000.0
Panama,Arabica,915148800,946598400,9960000.0
Sierra Leone,Robusta,915148800,946598400,3540000.0
Sri Lanka,Robusta/Arabica,915148800,946598400,1920000.0
Thailand,Robusta/Arabica,915148800,946598400,76380000.0
Togo,Robusta,915148800,946598400,15780000.0
Trinidad & Tobago,Robusta,915148800,946598400,1020000.0
Uganda,Robusta/Arabica,915148800,946598400,171720000.0
Venezuela,Arabica,915148800,946598400,82020000.0
Viet Nam,Robusta/Arabica,915148800,946598400,697860000.0
Yemen,Arabica,915148800,946598400,3660000.0
Angola,Robusta/Arabica,946684800,978220800,3000000.0
Bolivia,Arabica,946684800,978220800,8880000.0
Brazil,Arabica/Robusta,946684800,978220800,1878600000.0
Burundi,Arabica/Robusta,946684800,978220800,29220000.0
Ecuador,Arabica/Robusta,946684800,978220800,51240000.0
Indonesia,Robusta/Arabica,946684800,978220800,419220000.0
Madagascar,Robusta,946684800,978220800,21720000.0
Malawi,Arabica,946684800,978220800,3780000.0
Papua New Guinea,Arabica/Robusta,946684800,978220800,62460000.0
Paraguay,Arabica,946684800,978220800,1320000.0
Peru,Arabica,946684800,978220800,160560000.0
Rwanda,Arabica,946684800,978220800,16380000.0
Timor-Leste,Arabica,946684800,978220800,420000.0
Zimbabwe,Arabica,946684800,978220800,6540000.0
Congo,Robusta,946684800,978220800,180000.0
Cuba,Arabica,946684800,978220800,18720000.0
Dominican Republic,Arabica/Robusta,946684800,978220800,28020000.0
Haiti,Arabica,946684800,978220800,25200000.0
Philippines,Robusta/Arabica,946684800,978220800,20460000.0
Tanzania,Arabica/Robusta,946684800,978220800,48540000.0
Zambia,Arabica,946684800,978220800,5580000.0
Cameroon,Robusta/Arabica,946684800,978220800,66780000.0
Central African Republic,Robusta,946684800,978220800,6780000.0
Colombia,Arabica,946684800,978220800,631140000.0
Costa Rica,Arabica,946684800,978220800,145140000.0
Côte d'Ivoire,Robusta,946684800,978220800,290760000.0
Democratic Republic of Congo,Robusta/Arabica,946684800,978220800,21780000.0
El Salvador,Arabica,946684800,978220800,102240000.0
Equatorial Guinea,Robusta,946684800,978220800,0.0
Ethiopia,Arabica,946684800,978220800,186900000.0
Gabon,Robusta,946684800,978220800,0.0
Ghana,Robusta,946684800,978220800,4560000.0
Guatemala,Arabica/Robusta,946684800,978220800,296400000.0
Guinea,Robusta,946684800,978220800,24000000.0
Guyana,Robusta,946684800,978220800,180000.0
Honduras,Arabica,946684800,978220800,160020000.0
India,Robusta/Arabica,946684800,978220800,301200000.0
Jamaica,Arabica,946684800,978220800,2220000.0
Kenya,Arabica,946684800,978220800,60120000.0
Lao People's Democratic Republic,Robusta,946684800,978220800,12720000.0
Liberia,Robusta,946684800,978220800,720000.0
Mexico,Arabica/Robusta,946684800,978220800,288900000.0
Nepal,Arabica,946684800,978220800,0.0
Nicaragua,Arabica,946684800,978220800,94320000.0
Nigeria,Robusta,946684800,978220800,2940000.0
Panama,Arabica,946684800,978220800,10200000.0
Sierra Leone,Robusta,946684800,978220800,2940000.0
Sri Lanka,Robusta/Arabica,946684800,978220800,1980000.0
Thailand,Robusta/Arabica,946684800,978220800,101520000.0
Togo,Robusta,946684800,978220800,11820000.0
Trinidad & Tobago,Robusta,946684800,978220800,960000.0
Uganda,Robusta/Arabica,946684800,978220800,204060000.0
Venezuela,Arabica,946684800,978220800,87000000.0
Viet Nam,Robusta/Arabica,946684800,978220800,890460000.0
Yemen,Arabica,946684800,978220800,3840000.0
Angola,Robusta/Arabica,978307200,1009756800,1260000.0
Bolivia,Arabica,978307200,1009756800,5640000.0
Brazil,Arabica/Robusta,978307200,1009756800,1881900000.0
Burundi,Arabica/Robusta,978307200,1009756800,8640000.0
Ecuador,Arabica/Robusta,978307200,1009756800,47580000.0
Indonesia,Robusta/Arabica,978307200,1009756800,409980000.0
Madagascar,Robusta,978307200,1009756800,8820000.0
Malawi,Arabica,978307200,1009756800,3600000.0
Papua New Guinea,Arabica/Robusta,978307200,1009756800,63780000.0
Paraguay,Arabica,978307200,1009756800,1320000.0
Peru,Arabica,978307200,1009756800,169740000.0
Rwanda,Arabica,978307200,1009756800,17760000.0
Timor-Leste,Arabica,978307200,1009756800,1980000.0
Zimbabwe,Arabica,978307200,1009756800,7260000.0
Congo,Robusta,978307200,1009756800,180000.0
Cuba,Arabica,978307200,1009756800,17100000.0
Dominican Republic,Arabica/Robusta,978307200,1009756800,23220000.0
Haiti,Arabica,978307200,1009756800,24180000.0
Philippines,Robusta/Arabica,978307200,1009756800,15780000.0
Tanzania,Arabica/Robusta,978307200,1009756800,37440000.0
Zambia,Arabica,978307200,1009756800,6000000.0
Cameroon,Robusta/Arabica,978307200,1009756800,41160000.0
Central African Republic,Robusta,978307200,1009756800,4080000.0
Colombia,Arabica,978307200,1009756800,717000000.0
Costa Rica,Arabica,978307200,1009756800,134820000.0
Côte d'Ivoire,Robusta,978307200,1009756800,215760000.0
Democratic Republic of Congo,Robusta/Arabica,978307200,1009756800,25380000.0
El Salvador,Arabica,978307200,1009756800,101640000.0
Equatorial Guinea,Robusta,978307200,1009756800,0.0
Ethiopia,Arabica,978307200,1009756800,242640000.0
Gabon,Robusta,978307200,1009756800,60000.0
Ghana,Robusta,978307200,1009756800,420000.0
Guatemala,Arabica/Robusta,978307200,1009756800,220140000.0
Guinea,Robusta,978307200,1009756800,14160000.0
Guyana,Robusta,978307200,1009756800,300000.0
Honduras,Arabica,978307200,1009756800,182160000.0
India,Robusta/Arabica,978307200,1009756800,288600000.0
Jamaica,Arabica,978307200,1009756800,1860000.0
Kenya,Arabica,978307200,1009756800,59460000.0
Lao People's Democratic Republic,Robusta,978307200,1009756800,15480000.0
Liberia,Robusta,978307200,1009756800,720000.0
Mexico,Arabica/Robusta,978307200,1009756800,266280000.0
Nepal,Arabica,978307200,1009756800,0.0
Nicaragua,Arabica,978307200,1009756800,64740000.0
Nigeria,Robusta,978307200,1009756800,2640000.0
Panama,Arabica,978307200,1009756800,9600000.0
Sierra Leone,Robusta,978307200,1009756800,4740000.0
Sri Lanka,Robusta/Arabica,978307200,1009756800,1920000.0
Thailand,Robusta/Arabica,978307200,1009756800,42840000.0
Togo,Robusta,978307200,1009756800,6720000.0
Trinidad & Tobago,Robusta,978307200,1009756800,960000.0
Uganda,Robusta/Arabica,978307200,1009756800,189480000.0
Venezuela,Arabica,978307200,1009756800,75900000.0
Viet Nam,Robusta/Arabica,978307200,1009756800,785580000.0
Yemen,Arabica,978307200,1009756800,3720000.0
Angola,Robusta/Arabica,1009843200,1041292800,3420000.0
Bolivia,Arabica,1009843200,1041292800,7620000.0
Brazil,Arabica/Robusta,1009843200,1041292800,2901120000.0
Burundi,Arabica/Robusta,1009843200,1041292800,27240000.0
Ecuador,Arabica/Robusta,1009843200,1041292800,34920000.0
Indonesia,Robusta/Arabica,1009843200,1041292800,403860000.0
Madagascar,Robusta,1009843200,1041292800,26700000.0
Malawi,Arabica,1009843200,1041292800,2520000.0
Papua New Guinea,Arabica/Robusta,1009843200,1041292800,65100000.0
Paraguay,Arabica,1009843200,1041292800,2160000.0
Peru,Arabica,1009843200,1041292800,180000000.0
Rwanda,Arabica,1009843200,1041292800,19200000.0
Timor-Leste,Arabica,1009843200,1041292800,2220000.0
Zimbabwe,Arabica,1009843200,1041292800,6600000.0
Congo,Robusta,1009843200,1041292800,180000.0
Cuba,Arabica,1009843200,1041292800,14340000.0
Dominican Republic,Arabica/Robusta,1009843200,1041292800,27300000.0
Haiti,Arabica,1009843200,1041292800,22440000.0
Philippines,Robusta/Arabica,1009843200,1041292800,15300000.0
Tanzania,Arabica/Robusta,1009843200,1041292800,49440000.0
Zambia,Arabica,1009843200,1041292800,7140000.0
Cameroon,Robusta/Arabica,1009843200,1041292800,48060000.0
Central African Republic,Robusta,1009843200,1041292800,5520000.0
Colombia,Arabica,1009843200,1041292800,702720000.0
Costa Rica,Arabica,1009843200,1041292800,122580000.0
Côte d'Ivoire,Robusta,1009843200,1041292800,180600000.0
Democratic Republic of Congo,Robusta/Arabica,1009843200,1041292800,20280000.0
El Salvador,Arabica,1009843200,1041292800,81660000.0
Equatorial Guinea,Robusta,1009843200,1041292800,0.0
Ethiopia,Arabica,1009843200,1041292800,245640000.0
Gabon,Robusta,1009843200,1041292800,60000.0
Ghana,Robusta,1009843200,1041292800,2040000.0
Guatemala,Arabica/Robusta,1009843200,1041292800,244200000.0
Guinea,Robusta,1009843200,1041292800,19680000.0
Guyana,Robusta,1009843200,1041292800,300000.0
Honduras,Arabica,1009843200,1041292800,149760000.0
India,Robusta/Arabica,1009843200,1041292800,275280000.0
Jamaica,Arabica,1009843200,1041292800,2220000.0
Kenya,Arabica,1009843200,1041292800,56700000.0
Lao People's Democratic Republic,Robusta,1009843200,1041292800,24120000.0
Liberia,Robusta,1009843200,1041292800,720000.0
Mexico,Arabica/Robusta,1009843200,1041292800,261060000.0
Nepal,Arabica,1009843200,1041292800,0.0
Nicaragua,Arabica,1009843200,1041292800,70200000.0
Nigeria,Robusta,1009843200,1041292800,3000000.0
Panama,Arabica,1009843200,1041292800,8400000.0
Sierra Leone,Robusta,1009843200,1041292800,2520000.0
Sri Lanka,Robusta/Arabica,1009843200,1041292800,2040000.0
Thailand,Robusta/Arabica,1009843200,1041292800,43920000.0
Togo,Robusta,1009843200,1041292800,4080000.0
Trinidad & Tobago,Robusta,1009843200,1041292800,1020000.0
Uganda,Robusta/Arabica,1009843200,1041292800,173400000.0
Venezuela,Arabica,1009843200,1041292800,89040000.0
Viet Nam,Robusta/Arabica,1009843200,1041292800,694440000.0
Yemen,Arabica,1009843200,1041292800,3420000.0
Angola,Robusta/Arabica,1041379200,1072828800,2280000.0
Bolivia,Arabica,1041379200,1072828800,6180000.0
Brazil,Arabica/Robusta,1041379200,1072828800,1732380000.0
Burundi,Arabica/Robusta,1041379200,1072828800,20280000.0
Ecuador,Arabica/Robusta,1041379200,1072828800,38460000.0
Indonesia,Robusta/Arabica,1041379200,1072828800,384240000.0
Madagascar,Robusta,1041379200,1072828800,26100000.0
Malawi,Arabica,1041379200,1072828800,2880000.0
Papua New Guinea,Arabica/Robusta,1041379200,1072828800,69300000.0
Paraguay,Arabica,1041379200,1072828800,2820000.0
Peru,Arabica,1041379200,1072828800,161160000.0
Rwanda,Arabica,1041379200,1072828800,15960000.0
Timor-Leste,Arabica,1041379200,1072828800,2520000.0
Zimbabwe,Arabica,1041379200,1072828800,5520000.0
Congo,Robusta,1041379200,1072828800,180000.0
Cuba,Arabica,1041379200,1072828800,13440000.0
Dominican Republic,Arabica/Robusta,1041379200,1072828800,21060000.0
Haiti,Arabica,1041379200,1072828800,22440000.0
Philippines,Robusta/Arabica,1041379200,1072828800,17580000.0
Tanzania,Arabica/Robusta,1041379200,1072828800,36720000.0
Zambia,Arabica,1041379200,1072828800,6000000.0
Cameroon,Robusta/Arabica,1041379200,1072828800,54000000.0
Central African Republic,Robusta,1041379200,1072828800,2580000.0
Colombia,Arabica,1041379200,1072828800,663180000.0
Costa Rica,Arabica,1041379200,1072828800,113160000.0
Côte d'Ivoire,Robusta,1041379200,1072828800,178860000.0
Democratic Republic of Congo,Robusta/Arabica,1041379200,1072828800,27060000.0
El Salvador,Arabica,1041379200,1072828800,82800000.0
Equatorial Guinea,Robusta,1041379200,1072828800,0.0
Ethiopia,Arabica,1041379200,1072828800,263640000.0
Gabon,Robusta,1041379200,1072828800,0.0
Ghana,Robusta,1041379200,1072828800,1080000.0
Guatemala,Arabica/Robusta,1041379200,1072828800,216600000.0
Guinea,Robusta,1041379200,1072828800,21960000.0
Guyana,Robusta,1041379200,1072828800,300000.0
Honduras,Arabica,1041379200,1072828800,178080000.0
India,Robusta/Arabica,1041379200,1072828800,282480000.0
Jamaica,Arabica,1041379200,1072828800,2220000.0
Kenya,Arabica,1041379200,1072828800,40380000.0
Lao People's Democratic Republic,Robusta,1041379200,1072828800,21660000.0
Liberia,Robusta,1041379200,1072828800,300000.0
Mexico,Arabica/Robusta,1041379200,1072828800,252060000.0
Nepal,Arabica,1041379200,1072828800,60000.0
Nicaragua,Arabica,1041379200,1072828800,90540000.0
Nigeria,Robusta,1041379200,1072828800,2760000.0
Panama,Arabica,1041379200,1072828800,10320000.0
Sierra Leone,Robusta,1041379200,1072828800,2160000.0
Sri Lanka,Robusta/Arabica,1041379200,1072828800,2220000.0
Thailand,Robusta/Arabica,1041379200,1072828800,49620000.0
Togo,Robusta,1041379200,1072828800,8640000.0
Trinidad & Tobago,Robusta,1041379200,1072828800,960000.0
Uganda,Robusta/Arabica,1041379200,1072828800,155940000.0
Venezuela,Arabica,1041379200,1072828800,85260000.0
Viet Nam,Robusta/Arabica,1041379200,1072828800,920220000.0
Yemen,Arabica,1041379200,1072828800,11580000.0
Angola,Robusta/Arabica,1072915200,1104451200,900000.0
Bolivia,Arabica,1072915200,1104451200,9300000.0
Brazil,Arabica/Robusta,1072915200,1104451200,2356860000.0
Burundi,Arabica/Robusta,1072915200,1104451200,26220000.0
Ecuador,Arabica/Robusta,1072915200,1104451200,46800000.0
Indonesia,Robusta/Arabica,1072915200,1104451200,452160000.0
Madagascar,Robusta,1072915200,1104451200,31320000.0
Malawi,Arabica,1072915200,1104451200,1260000.0
Papua New Guinea,Arabica/Robusta,1072915200,1104451200,59880000.0
Paraguay,Arabica,1072915200,1104451200,2280000.0
Peru,Arabica,1072915200,1104451200,205500000.0
Rwanda,Arabica,1072915200,1104451200,27000000.0
Timor-Leste,Arabica,1072915200,1104451200,1020000.0
Zimbabwe,Arabica,1072915200,1104451200,7200000.0
Congo,Robusta,1072915200,1104451200,180000.0
Cuba,Arabica,1072915200,1104451200,10800000.0
Dominican Republic,Arabica/Robusta,1072915200,1104451200,29460000.0
Haiti,Arabica,1072915200,1104451200,21900000.0
Philippines,Robusta/Arabica,1072915200,1104451200,21300000.0
Tanzania,Arabica/Robusta,1072915200,1104451200,45780000.0
Zambia,Arabica,1072915200,1104451200,6600000.0
Cameroon,Robusta/Arabica,1072915200,1104451200,43620000.0
Central African Republic,Robusta,1072915200,1104451200,1740000.0
Colombia,Arabica,1072915200,1104451200,685740000.0
Costa Rica,Arabica,1072915200,1104451200,112560000.0
Côte d'Ivoire,Robusta,1072915200,1104451200,128160000.0
Democratic Republic of Congo,Robusta/Arabica,1072915200,1104451200,21600000.0
El Salvador,Arabica,1072915200,1104451200,71820000.0
Equatorial Guinea,Robusta,1072915200,1104451200,0.0
Ethiopia,Arabica,1072915200,1104451200,312780000.0
Gabon,Robusta,1072915200,1104451200,0.0
Ghana,Robusta,1072915200,1104451200,1080000.0
Guatemala,Arabica/Robusta,1072915200,1104451200,222180000.0
Guinea,Robusta,1072915200,1104451200,18960000.0
Guyana,Robusta,1072915200,1104451200,360000.0
Honduras,Arabica,1072915200,1104451200,154500000.0
India,Robusta/Arabica,1072915200,1104451200,275460000.0
Jamaica,Arabica,1072915200,1104451200,1260000.0
Kenya,Arabica,1072915200,1104451200,44160000.0
Lao People's Democratic Republic,Robusta,1072915200,1104451200,22740000.0
Liberia,Robusta,1072915200,1104451200,360000.0
Mexico,Arabica/Robusta,1072915200,1104451200,232020000.0
Nepal,Arabica,1072915200,1104451200,60000.0
Nicaragua,Arabica,1072915200,1104451200,64080000.0
Nigeria,Robusta,1072915200,1104451200,2700000.0
Panama,Arabica,1072915200,1104451200,5400000.0
Sierra Leone,Robusta,1072915200,1104451200,900000.0
Sri Lanka,Robusta/Arabica,1072915200,1104451200,1920000.0
Thailand,Robusta/Arabica,1072915200,1104451200,53040000.0
Togo,Robusta,1072915200,1104451200,9960000.0
Trinidad & Tobago,Robusta,1072915200,1104451200,900000.0
Uganda,Robusta/Arabica,1072915200,1104451200,156780000.0
Venezuela,Arabica,1072915200,1104451200,79620000.0
Viet Nam,Robusta/Arabica,1072915200,1104451200,862200000.0
Yemen,Arabica,1072915200,1104451200,12360000.0
Angola,Robusta/Arabica,1104537600,1135987200,1500000.0
Bolivia,Arabica,1104537600,1135987200,6600000.0
Brazil,Arabica/Robusta,1104537600,1135987200,1975980000.0
Burundi,Arabica/Robusta,1104537600,1135987200,6180000.0
Ecuador,Arabica/Robusta,1104537600,1135987200,56100000.0
Indonesia,Robusta/Arabica,1104537600,1135987200,549540000.0
Madagascar,Robusta,1104537600,1135987200,35940000.0
Malawi,Arabica,1104537600,1135987200,1440000.0
Papua New Guinea,Arabica/Robusta,1104537600,1135987200,76080000.0
Paraguay,Arabica,1104537600,1135987200,2640000.0
Peru,Arabica,1104537600,1135987200,149340000.0
Rwanda,Arabica,1104537600,1135987200,20220000.0
Timor-Leste,Arabica,1104537600,1135987200,1440000.0
Zimbabwe,Arabica,1104537600,1135987200,3960000.0
Congo,Robusta,1104537600,1135987200,180000.0
Cuba,Arabica,1104537600,1135987200,6000000.0
Dominican Republic,Arabica/Robusta,1104537600,1135987200,18600000.0
Haiti,Arabica,1104537600,1135987200,21360000.0
Philippines,Robusta/Arabica,1104537600,1135987200,25920000.0
Tanzania,Arabica/Robusta,1104537600,1135987200,48240000.0
Zambia,Arabica,1104537600,1135987200,6180000.0
Cameroon,Robusta/Arabica,1104537600,1135987200,52200000.0
Central African Republic,Robusta,1104537600,1135987200,1380000.0
Colombia,Arabica,1104537600,1135987200,717120000.0
Costa Rica,Arabica,1104537600,1135987200,99180000.0
Côte d'Ivoire,Robusta,1104537600,1135987200,125940000.0
Democratic Republic of Congo,Robusta/Arabica,1104537600,1135987200,20160000.0
El Salvador,Arabica,1104537600,1135987200,79140000.0
Equatorial Guinea,Robusta,1104537600,1135987200,0.0
Ethiopia,Arabica,1104537600,1135987200,286740000.0
Gabon,Robusta,1104537600,1135987200,60000.0
Ghana,Robusta,1104537600,1135987200,720000.0
Guatemala,Arabica/Robusta,1104537600,1135987200,220560000.0
Guinea,Robusta,1104537600,1135987200,31500000.0
Guyana,Robusta,1104537600,1135987200,420000.0
Honduras,Arabica,1104537600,1135987200,192240000.0
India,Robusta/Arabica,1104537600,1135987200,273960000.0
Jamaica,Arabica,1104537600,1135987200,2040000.0
Kenya,Arabica,1104537600,1135987200,39600000.0
Lao People's Democratic Republic,Robusta,1104537600,1135987200,16800000.0
Liberia,Robusta,1104537600,1135987200,300000.0
Mexico,Arabica/Robusta,1104537600,1135987200,253500000.0
Nepal,Arabica,1104537600,1135987200,60000.0
Nicaragua,Arabica,1104537600,1135987200,85920000.0
Nigeria,Robusta,1104537600,1135987200,4140000.0
Panama,Arabica,1104537600,1135987200,10560000.0
Sierra Leone,Robusta,1104537600,1135987200,3600000.0
Sri Lanka,Robusta/Arabica,1104537600,1135987200,2100000.0
Thailand,Robusta/Arabica,1104537600,1135987200,63840000.0
Togo,Robusta,1104537600,1135987200,8400000.0
Trinidad & Tobago,Robusta,1104537600,1135987200,900000.0
Uganda,Robusta/Arabica,1104537600,1135987200,130500000.0
Venezuela,Arabica,1104537600,1135987200,90360000.0
Viet Nam,Robusta/Arabica,1104537600,1135987200,830520000.0
Yemen,Arabica,1104537600,1135987200,12180000.0
Angola,Robusta/Arabica,1136073600,1167523200,2100000.0
Bolivia,Arabica,1136073600,1167523200,8760000.0
Brazil,Arabica/Robusta,1136073600,1167523200,2905920000.0
Burundi,Arabica/Robusta,1136073600,1167523200,29880000.0
Ecuador,Arabica/Robusta,1136073600,1167523200,62100000.0
Indonesia,Robusta/Arabica,1136073600,1167523200,448980000.0
Madagascar,Robusta,1136073600,1167523200,35220000.0
Malawi,Arabica,1136073600,1167523200,1020000.0
Papua New Guinea,Arabica/Robusta,1136073600,1167523200,48420000.0
Paraguay,Arabica,1136073600,1167523200,2100000.0
Peru,Arabica,1136073600,1167523200,259140000.0
Rwanda,Arabica,1136073600,1167523200,21060000.0
Timor-Leste,Arabica,1136073600,1167523200,2760000.0
Zimbabwe,Arabica,1136073600,1167523200,2700000.0
Congo,Robusta,1136073600,1167523200,180000.0
Cuba,Arabica,1136073600,1167523200,6300000.0
Dominican Republic,Arabica/Robusta,1136073600,1167523200,23220000.0
Haiti,Arabica,1136073600,1167523200,21720000.0
Philippines,Robusta/Arabica,1136073600,1167523200,26460000.0
Tanzania,Arabica/Robusta,1136073600,1167523200,49320000.0
Zambia,Arabica,1136073600,1167523200,3360000.0
Cameroon,Robusta/Arabica,1136073600,1167523200,49080000.0
Central African Republic,Robusta,1136073600,1167523200,6840000.0
Colombia,Arabica,1136073600,1167523200,729840000.0
Costa Rica,Arabica,1136073600,1167523200,102360000.0
Côte d'Ivoire,Robusta,1136073600,1167523200,170880000.0
Democratic Republic of Congo,Robusta/Arabica,1136073600,1167523200,22680000.0
El Salvador,Arabica,1136073600,1167523200,74040000.0
Equatorial Guinea,Robusta,1136073600,1167523200,0.0
Ethiopia,Arabica,1136073600,1167523200,333060000.0
Gabon,Robusta,1136073600,1167523200,60000.0
Ghana,Robusta,1136073600,1167523200,1200000.0
Guatemala,Arabica/Robusta,1136073600,1167523200,237000000.0
Guinea,Robusta,1136073600,1167523200,28380000.0
Guyana,Robusta,1136073600,1167523200,480000.0
Honduras,Arabica,1136073600,1167523200,207660000.0
India,Robusta/Arabica,1136073600,1167523200,270000000.0
Jamaica,Arabica,1136073600,1167523200,2400000.0
Kenya,Arabica,1136073600,1167523200,49560000.0
Lao People's Democratic Republic,Robusta,1136073600,1167523200,23460000.0
Liberia,Robusta,1136073600,1167523200,420000.0
Mexico,Arabica/Robusta,1136073600,1167523200,252000000.0
Nepal,Arabica,1136073600,1167523200,120000.0
Nicaragua,Arabica,1136073600,1167523200,85680000.0
Nigeria,Robusta,1136073600,1167523200,3060000.0
Panama,Arabica,1136073600,1167523200,10380000.0
Sierra Leone,Robusta,1136073600,1167523200,1860000.0
Sri Lanka,Robusta/Arabica,1136073600,1167523200,1980000.0
Thailand,Robusta/Arabica,1136073600,1167523200,49320000.0
Togo,Robusta,1136073600,1167523200,8040000.0
Trinidad & Tobago,Robusta,1136073600,1167523200,720000.0
Uganda,Robusta/Arabica,1136073600,1167523200,173640000.0
Venezuela,Arabica,1136073600,1167523200,94260000.0
Viet Nam,Robusta/Arabica,1136073600,1167523200,1160400000.0
Yemen,Arabica,1136073600,1167523200,12420000.0
Angola,Robusta/Arabica,1167609600,1199059200,2160000.0
Bolivia,Arabica,1167609600,1199059200,6960000.0
Brazil,Arabica/Robusta,1167609600,1199059200,2334660000.0
Burundi,Arabica/Robusta,1167609600,1199059200,7980000.0
Ecuador,Arabica/Robusta,1167609600,1199059200,57000000.0
Indonesia,Robusta/Arabica,1167609600,1199059200,466620000.0
Madagascar,Robusta,1167609600,1199059200,36840000.0
Malawi,Arabica,1167609600,1199059200,1140000.0
Papua New Guinea,Arabica/Robusta,1167609600,1199059200,58080000.0
Paraguay,Arabica,1167609600,1199059200,2340000.0
Peru,Arabica,1167609600,1199059200,183780000.0
Rwanda,Arabica,1167609600,1199059200,13440000.0
Timor-Leste,Arabica,1167609600,1199059200,2160000.0
Zimbabwe,Arabica,1167609600,1199059200,1860000.0
Congo,Robusta,1167609600,1199059200,180000.0
Cuba,Arabica,1167609600,1199059200,6600000.0
Dominican Republic,Arabica/Robusta,1167609600,1199059200,27900000.0
Haiti,Arabica,1167609600,1199059200,21540000.0
Philippines,Robusta/Arabica,1167609600,1199059200,26760000.0
Tanzania,Arabica/Robusta,1167609600,1199059200,48600000.0
Zambia,Arabica,1167609600,1199059200,3660000.0
Cameroon,Robusta/Arabica,1167609600,1199059200,47700000.0
Central African Republic,Robusta,1167609600,1199059200,2580000.0
Colombia,Arabica,1167609600,1199059200,750900000.0
Costa Rica,Arabica,1167609600,1199059200,107820000.0
Côte d'Ivoire,Robusta,1167609600,1199059200,80280000.0
Democratic Republic of Congo,Robusta/Arabica,1167609600,1199059200,24960000.0
El Salvador,Arabica,1167609600,1199059200,90300000.0
Equatorial Guinea,Robusta,1167609600,1199059200,0.0
Ethiopia,Arabica,1167609600,1199059200,358020000.0
Gabon,Robusta,1167609600,1199059200,60000.0
Ghana,Robusta,1167609600,1199059200,2100000.0
Guatemala,Arabica/Robusta,1167609600,1199059200,246000000.0
Guinea,Robusta,1167609600,1199059200,19380000.0
Guyana,Robusta,1167609600,1199059200,540000.0
Honduras,Arabica,1167609600,1199059200,218400000.0
India,Robusta/Arabica,1167609600,1199059200,262020000.0
Jamaica,Arabica,1167609600,1199059200,1200000.0
Kenya,Arabica,1167609600,1199059200,39120000.0
Lao People's Democratic Republic,Robusta,1167609600,1199059200,23580000.0
Liberia,Robusta,1167609600,1199059200,420000.0
Mexico,Arabica/Robusta,1167609600,1199059200,249000000.0
Nepal,Arabica,1167609600,1199059200,60000.0
Nicaragua,Arabica,1167609600,1199059200,114360000.0
Nigeria,Robusta,1167609600,1199059200,2520000.0
Panama,Arabica,1167609600,1199059200,10560000.0
Sierra Leone,Robusta,1167609600,1199059200,2400000.0
Sri Lanka,Robusta/Arabica,1167609600,1199059200,1980000.0
Thailand,Robusta/Arabica,1167609600,1199059200,39000000.0
Togo,Robusta,1167609600,1199059200,7500000.0
Trinidad & Tobago,Robusta,1167609600,1199059200,720000.0
Uganda,Robusta/Arabica,1167609600,1199059200,209400000.0
Venezuela,Arabica,1167609600,1199059200,91200000.0
Viet Nam,Robusta/Arabica,1167609600,1199059200,984300000.0
Yemen,Arabica,1167609600,1199059200,11880000.0
Angola,Robusta/Arabica,1199145600,1230681600,2280000.0
Bolivia,Arabica,1199145600,1230681600,7200000.0
Brazil,Arabica/Robusta,1199145600,1230681600,3089460000.0
Burundi,Arabica/Robusta,1199145600,1230681600,24720000.0
Ecuador,Arabica/Robusta,1199145600,1230681600,46260000.0
Indonesia,Robusta/Arabica,1199145600,1230681600,576720000.0
Madagascar,Robusta,1199145600,1230681600,43680000.0
Malawi,Arabica,1199145600,1230681600,1260000.0
Papua New Guinea,Arabica/Robusta,1199145600,1230681600,61680000.0
Paraguay,Arabica,1199145600,1230681600,1200000.0
Peru,Arabica,1199145600,1230681600,232320000.0
Rwanda,Arabica,1199145600,1230681600,22140000.0
Timor-Leste,Arabica,1199145600,1230681600,2880000.0
Zimbabwe,Arabica,1199145600,1230681600,1440000.0
Congo,Robusta,1199145600,1230681600,180000.0
Cuba,Arabica,1199145600,1230681600,7980000.0
Dominican Republic,Arabica/Robusta,1199145600,1230681600,38700000.0
Haiti,Arabica,1199145600,1230681600,21540000.0
Philippines,Robusta/Arabica,1199145600,1230681600,35220000.0
Tanzania,Arabica/Robusta,1199145600,1230681600,71160000.0
Zambia,Arabica,1199145600,1230681600,2100000.0
Cameroon,Robusta/Arabica,1199145600,1230681600,43500000.0
Central African Republic,Robusta,1199145600,1230681600,3600000.0
Colombia,Arabica,1199145600,1230681600,519840000.0
Costa Rica,Arabica,1199145600,1230681600,90000000.0
Côte d'Ivoire,Robusta,1199145600,1230681600,151560000.0
Democratic Republic of Congo,Robusta/Arabica,1199145600,1230681600,25320000.0
El Salvador,Arabica,1199145600,1230681600,87000000.0
Equatorial Guinea,Robusta,1199145600,1230681600,0.0
Ethiopia,Arabica,1199145600,1230681600,296940000.0
Gabon,Robusta,1199145600,1230681600,120000.0
Ghana,Robusta,1199145600,1230681600,1560000.0
Guatemala,Arabica/Robusta,1199145600,1230681600,227100000.0
Guinea,Robusta,1199145600,1230681600,30300000.0
Guyana,Robusta,1199145600,1230681600,600000.0
Honduras,Arabica,1199145600,1230681600,207000000.0
India,Robusta/Arabica,1199145600,1230681600,244320000.0
Jamaica,Arabica,1199145600,1230681600,1920000.0
Kenya,Arabica,1199145600,1230681600,32460000.0
Lao People's Democratic Republic,Robusta,1199145600,1230681600,24360000.0
Liberia,Robusta,1199145600,1230681600,720000.0
Mexico,Arabica/Robusta,1199145600,1230681600,279060000.0
Nepal,Arabica,1199145600,1230681600,60000.0
Nicaragua,Arabica,1199145600,1230681600,86700000.0
Nigeria,Robusta,1199145600,1230681600,3000000.0
Panama,Arabica,1199145600,1230681600,8940000.0
Sierra Leone,Robusta,1199145600,1230681600,5160000.0
Sri Lanka,Robusta/Arabica,1199145600,1230681600,1860000.0
Thailand,Robusta/Arabica,1199145600,1230681600,40500000.0
Togo,Robusta,1199145600,1230681600,8280000.0
Trinidad & Tobago,Robusta,1199145600,1230681600,660000.0
Uganda,Robusta/Arabica,1199145600,1230681600,200100000.0
Venezuela,Arabica,1199145600,1230681600,55920000.0
Viet Nam,Robusta/Arabica,1199145600,1230681600,1106280000.0
Yemen,Arabica,1199145600,1230681600,13200000.0
Angola,Robusta/Arabica,1230768000,1262217600,780000.0
Bolivia,Arabica,1230768000,1262217600,7680000.0
Brazil,Arabica/Robusta,1230768000,1262217600,2638620000.0
Burundi,Arabica/Robusta,1230768000,1262217600,6720000.0
Ecuador,Arabica/Robusta,1230768000,1262217600,48780000.0
Indonesia,Robusta/Arabica,1230768000,1262217600,682800000.0
Madagascar,Robusta,1230768000,1262217600,27420000.0
Malawi,Arabica,1230768000,1262217600,1020000.0
Papua New Guinea,Arabica/Robusta,1230768000,1262217600,62280000.0
Paraguay,Arabica,1230768000,1262217600,1200000.0
Peru,Arabica,1230768000,1262217600,197160000.0
Rwanda,Arabica,1230768000,1262217600,15540000.0
Timor-Leste,Arabica,1230768000,1262217600,2820000.0
Zimbabwe,Arabica,1230768000,1262217600,1260000.0
Congo,Robusta,1230768000,1262217600,180000.0
Cuba,Arabica,1230768000,1262217600,5520000.0
Dominican Republic,Arabica/Robusta,1230768000,1262217600,21120000.0
Haiti,Arabica,1230768000,1262217600,21060000.0
Philippines,Robusta/Arabica,1230768000,1262217600,43800000.0
Tanzania,Arabica/Robusta,1230768000,1262217600,40500000.0
Zambia,Arabica,1230768000,1262217600,1680000.0
Cameroon,Robusta/Arabica,1230768000,1262217600,54120000.0
Central African Republic,Robusta,1230768000,1262217600,6720000.0
Colombia,Arabica,1230768000,1262217600,485880000.0
Costa Rica,Arabica,1230768000,1262217600,88620000.0
Côte d'Ivoire,Robusta,1230768000,1262217600,119340000.0
Democratic Republic of Congo,Robusta/Arabica,1230768000,1262217600,20760000.0
El Salvador,Arabica,1230768000,1262217600,64500000.0
Equatorial Guinea,Robusta,1230768000,1262217600,0.0
Ethiopia,Arabica,1230768000,1262217600,409800000.0
Gabon,Robusta,1230768000,1262217600,0.0
Ghana,Robusta,1230768000,1262217600,1140000.0
Guatemala,Arabica/Robusta,1230768000,1262217600,230100000.0
Guinea,Robusta,1230768000,1262217600,29940000.0
Guyana,Robusta,1230768000,1262217600,540000.0
Honduras,Arabica,1230768000,1262217600,216180000.0
India,Robusta/Arabica,1230768000,1262217600,289620000.0
Jamaica,Arabica,1230768000,1262217600,1500000.0
Kenya,Arabica,1230768000,1262217600,37800000.0
Lao People's Democratic Republic,Robusta,1230768000,1262217600,26040000.0
Liberia,Robusta,1230768000,1262217600,780000.0
Mexico,Arabica/Robusta,1230768000,1262217600,246540000.0
Nepal,Arabica,1230768000,1262217600,60000.0
Nicaragua,Arabica,1230768000,1262217600,112260000.0
Nigeria,Robusta,1230768000,1262217600,2040000.0
Panama,Arabica,1230768000,1262217600,8280000.0
Sierra Leone,Robusta,1230768000,1262217600,5460000.0
Sri Lanka,Robusta/Arabica,1230768000,1262217600,1920000.0
Thailand,Robusta/Arabica,1230768000,1262217600,47700000.0
Togo,Robusta,1230768000,1262217600,12120000.0
Trinidad & Tobago,Robusta,1230768000,1262217600,660000.0
Uganda,Robusta/Arabica,1230768000,1262217600,173640000.0
Venezuela,Arabica,1230768000,1262217600,72840000.0
Viet Nam,Robusta/Arabica,1230768000,1262217600,1069500000.0
Yemen,Arabica,1230768000,1262217600,8100000.0
Angola,Robusta/Arabica,1262304000,1293753600,2100000.0
Bolivia,Arabica,1262304000,1293753600,7020000.0
Brazil,Arabica/Robusta,1262304000,1293753600,3325680000.0
Burundi,Arabica/Robusta,1262304000,1293753600,21180000.0
Ecuador,Arabica/Robusta,1262304000,1293753600,51240000.0
Indonesia,Robusta/Arabica,1262304000,1293753600,547740000.0
Madagascar,Robusta,1262304000,1293753600,31800000.0
Malawi,Arabica,1262304000,1293753600,1020000.0
Papua New Guinea,Arabica/Robusta,1262304000,1293753600,52020000.0
Paraguay,Arabica,1262304000,1293753600,1200000.0
Peru,Arabica,1262304000,1293753600,244140000.0
Rwanda,Arabica,1262304000,1293753600,19380000.0
Timor-Leste,Arabica,1262304000,1293753600,3600000.0
Zimbabwe,Arabica,1262304000,1293753600,600000.0
Congo,Robusta,1262304000,1293753600,180000.0
Cuba,Arabica,1262304000,1293753600,6480000.0
Dominican Republic,Arabica/Robusta,1262304000,1293753600,22680000.0
Haiti,Arabica,1262304000,1293753600,21000000.0
Philippines,Robusta/Arabica,1262304000,1293753600,11340000.0
Tanzania,Arabica/Robusta,1262304000,1293753600,50760000.0
Zambia,Arabica,1262304000,1293753600,780000.0
Cameroon,Robusta/Arabica,1262304000,1293753600,31620000.0
Central African Republic,Robusta,1262304000,1293753600,4680000.0
Colombia,Arabica,1262304000,1293753600,511380000.0
Costa Rica,Arabica,1262304000,1293753600,96840000.0
Côte d'Ivoire,Robusta,1262304000,1293753600,50220000.0
Democratic Republic of Congo,Robusta/Arabica,1262304000,1293753600,18300000.0
El Salvador,Arabica,1262304000,1293753600,112380000.0
Equatorial Guinea,Robusta,1262304000,1293753600,0.0
Ethiopia,Arabica,1262304000,1293753600,333600000.0
Gabon,Robusta,1262304000,1293753600,120000.0
Ghana,Robusta,1262304000,1293753600,4140000.0
Guatemala,Arabica/Robusta,1262304000,1293753600,237000000.0
Guinea,Robusta,1262304000,1293753600,23160000.0
Guyana,Robusta,1262304000,1293753600,540000.0
Honduras,Arabica,1262304000,1293753600,259860000.0
India,Robusta/Arabica,1262304000,1293753600,336000000.0
Jamaica,Arabica,1262304000,1293753600,1260000.0
Kenya,Arabica,1262304000,1293753600,38460000.0
Lao People's Democratic Republic,Robusta,1262304000,1293753600,32640000.0
Liberia,Robusta,1262304000,1293753600,600000.0
Mexico,Arabica/Robusta,1262304000,1293753600,240060000.0
Nepal,Arabica,1262304000,1293753600,180000.0
Nicaragua,Arabica,1262304000,1293753600,98280000.0
Nigeria,Robusta,1262304000,1293753600,2520000.0
Panama,Arabica,1262304000,1293753600,6840000.0
Sierra Leone,Robusta,1262304000,1293753600,1980000.0
Sri Lanka,Robusta/Arabica,1262304000,1293753600,2220000.0
Thailand,Robusta/Arabica,1262304000,1293753600,49680000.0
Togo,Robusta,1262304000,1293753600,9600000.0
Trinidad & Tobago,Robusta,1262304000,1293753600,600000.0
Uganda,Robusta/Arabica,1262304000,1293753600,196020000.0
Venezuela,Arabica,1262304000,1293753600,72120000.0
Viet Nam,Robusta/Arabica,1262304000,1293753600,1200000000.0
Yemen,Arabica,1262304000,1293753600,9660000.0
Angola,Robusta/Arabica,1293840000,1325289600,1740000.0
Bolivia,Arabica,1293840000,1325289600,7920000.0
Brazil,Arabica/Robusta,1293840000,1325289600,2915520000.0
Burundi,Arabica/Robusta,1293840000,1325289600,12240000.0
Ecuador,Arabica/Robusta,1293840000,1325289600,49500000.0
Indonesia,Robusta/Arabica,1293840000,1325289600,413340000.0
Madagascar,Robusta,1293840000,1325289600,35100000.0
Malawi,Arabica,1293840000,1325289600,1560000.0
Papua New Guinea,Arabica/Robusta,1293840000,1325289600,84840000.0
Paraguay,Arabica,1293840000,1325289600,1200000.0
Peru,Arabica,1293840000,1325289600,322380000.0
Rwanda,Arabica,1293840000,1325289600,15060000.0
Timor-Leste,Arabica,1293840000,1325289600,2820000.0
Zimbabwe,Arabica,1293840000,1325289600,540000.0
Congo,Robusta,1293840000,1325289600,180000.0
Cuba,Arabica,1293840000,1325289600,6000000.0
Dominican Republic,Arabica/Robusta,1293840000,1325289600,29460000.0
Haiti,Arabica,1293840000,1325289600,20940000.0
Philippines,Robusta/Arabica,1293840000,1325289600,10800000.0
Tanzania,Arabica/Robusta,1293840000,1325289600,38460000.0
Zambia,Arabica,1293840000,1325289600,660000.0
Cameroon,Robusta/Arabica,1293840000,1325289600,40140000.0
Central African Republic,Robusta,1293840000,1325289600,5460000.0
Colombia,Arabica,1293840000,1325289600,459180000.0
Costa Rica,Arabica,1293840000,1325289600,109860000.0
Côte d'Ivoire,Robusta,1293840000,1325289600,132960000.0
Democratic Republic of Congo,Robusta/Arabica,1293840000,1325289600,21420000.0
El Salvador,Arabica,1293840000,1325289600,69840000.0
Equatorial Guinea,Robusta,1293840000,1325289600,0.0
Ethiopia,Arabica,1293840000,1325289600,339000000.0
Gabon,Robusta,1293840000,1325289600,60000.0
Ghana,Robusta,1293840000,1325289600,1800000.0
Guatemala,Arabica/Robusta,1293840000,1325289600,231000000.0
Guinea,Robusta,1293840000,1325289600,23160000.0
Guyana,Robusta,1293840000,1325289600,600000.0
Honduras,Arabica,1293840000,1325289600,352920000.0
India,Robusta/Arabica,1293840000,1325289600,320040000.0
Jamaica,Arabica,1293840000,1325289600,1440000.0
Kenya,Arabica,1293840000,1325289600,45420000.0
Lao People's Democratic Republic,Robusta,1293840000,1325289600,30840000.0
Liberia,Robusta,1293840000,1325289600,600000.0
Mexico,Arabica/Robusta,1293840000,1325289600,273660000.0
Nepal,Arabica,1293840000,1325289600,120000.0
Nicaragua,Arabica,1293840000,1325289600,131580000.0
Nigeria,Robusta,1293840000,1325289600,2820000.0
Panama,Arabica,1293840000,1325289600,6360000.0
Sierra Leone,Robusta,1293840000,1325289600,4680000.0
Sri Lanka,Robusta/Arabica,1293840000,1325289600,2160000.0
Thailand,Robusta/Arabica,1293840000,1325289600,49860000.0
Togo,Robusta,1293840000,1325289600,9600000.0
Trinidad & Tobago,Robusta,1293840000,1325289600,660000.0
Uganda,Robusta/Arabica,1293840000,1325289600,186900000.0
Venezuela,Arabica,1293840000,1325289600,54120000.0
Viet Nam,Robusta/Arabica,1293840000,1325289600,1590000000.0
Yemen,Arabica,1293840000,1325289600,11100000.0
Angola,Robusta/Arabica,1325376000,1356912000,1980000.0
Bolivia,Arabica,1325376000,1356912000,6300000.0
Brazil,Arabica/Robusta,1325376000,1356912000,3325080000.0
Burundi,Arabica/Robusta,1325376000,1356912000,24360000.0
Ecuador,Arabica/Robusta,1325376000,1356912000,49680000.0
Indonesia,Robusta/Arabica,1325376000,1356912000,784200000.0
Madagascar,Robusta,1325376000,1356912000,30000000.0
Malawi,Arabica,1325376000,1356912000,1380000.0
Papua New Guinea,Arabica/Robusta,1325376000,1356912000,42960000.0
Paraguay,Arabica,1325376000,1356912000,1200000.0
Peru,Arabica,1325376000,1356912000,267000000.0
Rwanda,Arabica,1325376000,1356912000,15540000.0
Timor-Leste,Arabica,1325376000,1356912000,3660000.0
Zimbabwe,Arabica,1325376000,1356912000,420000.0
Congo,Robusta,1325376000,1356912000,180000.0
Cuba,Arabica,1325376000,1356912000,5280000.0
Dominican Republic,Arabica/Robusta,1325376000,1356912000,29280000.0
Haiti,Arabica,1325376000,1356912000,21000000.0
Philippines,Robusta/Arabica,1325376000,1356912000,10620000.0
Tanzania,Arabica/Robusta,1325376000,1356912000,69060000.0
Zambia,Arabica,1325376000,1356912000,300000.0
Cameroon,Robusta/Arabica,1325376000,1356912000,22260000.0
Central African Republic,Robusta,1325376000,1356912000,1380000.0
Colombia,Arabica,1325376000,1356912000,595620000.0
Costa Rica,Arabica,1325376000,1356912000,109380000.0
Côte d'Ivoire,Robusta,1325376000,1356912000,119640000.0
Democratic Republic of Congo,Robusta/Arabica,1325376000,1356912000,20040000.0
El Salvador,Arabica,1325376000,1356912000,74400000.0
Equatorial Guinea,Robusta,1325376000,1356912000,0.0
Ethiopia,Arabica,1325376000,1356912000,367920000.0
Gabon,Robusta,1325376000,1356912000,60000.0
Ghana,Robusta,1325376000,1356912000,1260000.0
Guatemala,Arabica/Robusta,1325376000,1356912000,225780000.0
Guinea,Robusta,1325376000,1356912000,14040000.0
Guyana,Robusta,1325376000,1356912000,600000.0
Honduras,Arabica,1325376000,1356912000,281160000.0
India,Robusta/Arabica,1325376000,1356912000,324180000.0
Jamaica,Arabica,1325376000,1356912000,1440000.0
Kenya,Arabica,1325376000,1356912000,52500000.0
Lao People's Democratic Republic,Robusta,1325376000,1356912000,32460000.0
Liberia,Robusta,1325376000,1356912000,600000.0
Mexico,Arabica/Robusta,1325376000,1356912000,259620000.0
Nepal,Arabica,1325376000,1356912000,60000.0
Nicaragua,Arabica,1325376000,1356912000,112380000.0
Nigeria,Robusta,1325376000,1356912000,2460000.0
Panama,Arabica,1325376000,1356912000,6960000.0
Sierra Leone,Robusta,1325376000,1356912000,3660000.0
Sri Lanka,Robusta/Arabica,1325376000,1356912000,2100000.0
Thailand,Robusta/Arabica,1325376000,1356912000,36480000.0
Togo,Robusta,1325376000,1356912000,5040000.0
Trinidad & Tobago,Robusta,1325376000,1356912000,720000.0
Uganda,Robusta/Arabica,1325376000,1356912000,234840000.0
Venezuela,Arabica,1325376000,1356912000,57120000.0
Viet Nam,Robusta/Arabica,1325376000,1356912000,1404120000.0
Yemen,Arabica,1325376000,1356912000,11280000.0
Angola,Robusta/Arabica,1356998400,1388448000,2100000.0
Bolivia,Arabica,1356998400,1388448000,7200000.0
Brazil,Arabica/Robusta,1356998400,1388448000,3281340000.0
Burundi,Arabica/Robusta,1356998400,1388448000,9780000.0
Ecuador,Arabica/Robusta,1356998400,1388448000,39960000.0
Indonesia,Robusta/Arabica,1356998400,1388448000,774060000.0
Madagascar,Robusta,1356998400,1388448000,35040000.0
Malawi,Arabica,1356998400,1388448000,1680000.0
Papua New Guinea,Arabica/Robusta,1356998400,1388448000,50100000.0
Paraguay,Arabica,1356998400,1388448000,1200000.0
Peru,Arabica,1356998400,1388448000,246360000.0
Rwanda,Arabica,1356998400,1388448000,15480000.0
Timor-Leste,Arabica,1356998400,1388448000,4800000.0
Zimbabwe,Arabica,1356998400,1388448000,540000.0
Congo,Robusta,1356998400,1388448000,180000.0
Cuba,Arabica,1356998400,1388448000,6420000.0
Dominican Republic,Arabica/Robusta,1356998400,1388448000,25500000.0
Haiti,Arabica,1356998400,1388448000,20700000.0
Philippines,Robusta/Arabica,1356998400,1388448000,11160000.0
Tanzania,Arabica/Robusta,1356998400,1388448000,48660000.0
Zambia,Arabica,1356998400,1388448000,660000.0
Cameroon,Robusta/Arabica,1356998400,1388448000,24240000.0
Central African Republic,Robusta,1356998400,1388448000,5400000.0
Colombia,Arabica,1356998400,1388448000,727440000.0
Costa Rica,Arabica,1356998400,1388448000,93120000.0
Côte d'Ivoire,Robusta,1356998400,1388448000,155880000.0
Democratic Republic of Congo,Robusta/Arabica,1356998400,1388448000,20820000.0
El Salvador,Arabica,1356998400,1388448000,30900000.0
Equatorial Guinea,Robusta,1356998400,1388448000,0.0
Ethiopia,Arabica,1356998400,1388448000,374520000.0
Gabon,Robusta,1356998400,1388448000,0.0
Ghana,Robusta,1356998400,1388448000,1500000.0
Guatemala,Arabica/Robusta,1356998400,1388448000,191340000.0
Guinea,Robusta,1356998400,1388448000,6060000.0
Guyana,Robusta,1356998400,1388448000,780000.0
Honduras,Arabica,1356998400,1388448000,274980000.0
India,Robusta/Arabica,1356998400,1388448000,304500000.0
Jamaica,Arabica,1356998400,1388448000,1200000.0
Kenya,Arabica,1356998400,1388448000,50580000.0
Lao People's Democratic Republic,Robusta,1356998400,1388448000,32640000.0
Liberia,Robusta,1356998400,1388448000,360000.0
Mexico,Arabica/Robusta,1356998400,1388448000,234960000.0
Nepal,Arabica,1356998400,1388448000,60000.0
Nicaragua,Arabica,1356998400,1388448000,123600000.0
Nigeria,Robusta,1356998400,1388448000,2460000.0
Panama,Arabica,1356998400,1388448000,6780000.0
Sierra Leone,Robusta,1356998400,1388448000,1920000.0
Sri Lanka,Robusta/Arabica,1356998400,1388448000,2220000.0
Thailand,Robusta/Arabica,1356998400,1388448000,38280000.0
Togo,Robusta,1356998400,1388448000,10320000.0
Trinidad & Tobago,Robusta,1356998400,1388448000,720000.0
Uganda,Robusta/Arabica,1356998400,1388448000,217980000.0
Venezuela,Arabica,1356998400,1388448000,48240000.0
Viet Nam,Robusta/Arabica,1356998400,1388448000,1656600000.0
Yemen,Arabica,1356998400,1388448000,11220000.0
Angola,Robusta/Arabica,1388534400,1419984000,2340000.0
Bolivia,Arabica,1388534400,1419984000,6000000.0
Brazil,Arabica/Robusta,1388534400,1419984000,3198300000.0
Burundi,Arabica/Robusta,1388534400,1419984000,14880000.0
Ecuador,Arabica/Robusta,1388534400,1419984000,38640000.0
Indonesia,Robusta/Arabica,1388534400,1419984000,656760000.0
Madagascar,Robusta,1388534400,1419984000,30060000.0
Malawi,Arabica,1388534400,1419984000,1500000.0
Papua New Guinea,Arabica/Robusta,1388534400,1419984000,47880000.0
Paraguay,Arabica,1388534400,1419984000,1200000.0
Peru,Arabica,1388534400,1419984000,172980000.0
Rwanda,Arabica,1388534400,1419984000,14280000.0
Timor-Leste,Arabica,1388534400,1419984000,6660000.0
Zimbabwe,Arabica,1388534400,1419984000,900000.0
Congo,Robusta,1388534400,1419984000,180000.0
Cuba,Arabica,1388534400,1419984000,6060000.0
Dominican Republic,Arabica/Robusta,1388534400,1419984000,23820000.0
Haiti,Arabica,1388534400,1419984000,20580000.0
Philippines,Robusta/Arabica,1388534400,1419984000,11580000.0
Tanzania,Arabica/Robusta,1388534400,1419984000,45180000.0
Zambia,Arabica,1388534400,1419984000,180000.0
Cameroon,Robusta/Arabica,1388534400,1419984000,28980000.0
Central African Republic,Robusta,1388534400,1419984000,3780000.0
Colombia,Arabica,1388534400,1419984000,799980000.0
Costa Rica,Arabica,1388534400,1419984000,88500000.0
Côte d'Ivoire,Robusta,1388534400,1419984000,103680000.0
Democratic Republic of Congo,Robusta/Arabica,1388534400,1419984000,20100000.0
El Salvador,Arabica,1388534400,1419984000,39900000.0
Equatorial Guinea,Robusta,1388534400,1419984000,0.0
Ethiopia,Arabica,1388534400,1419984000,382980000.0
Gabon,Robusta,1388534400,1419984000,60000.0
Ghana,Robusta,1388534400,1419984000,2100000.0
Guatemala,Arabica/Robusta,1388534400,1419984000,198600000.0
Guinea,Robusta,1388534400,1419984000,9900000.0
Guyana,Robusta,1388534400,1419984000,540000.0
Honduras,Arabica,1388534400,1419984000,316080000.0
India,Robusta/Arabica,1388534400,1419984000,327000000.0
Jamaica,Arabica,1388534400,1419984000,1260000.0
Kenya,Arabica,1388534400,1419984000,46200000.0
Lao People's Democratic Republic,Robusta,1388534400,1419984000,33120000.0
Liberia,Robusta,1388534400,1419984000,420000.0
Mexico,Arabica/Robusta,1388534400,1419984000,218160000.0
Nepal,Arabica,1388534400,1419984000,120000.0
Nicaragua,Arabica,1388534400,1419984000,113880000.0
Nigeria,Robusta,1388534400,1419984000,2580000.0
Panama,Arabica,1388534400,1419984000,6360000.0
Sierra Leone,Robusta,1388534400,1419984000,2760000.0
Sri Lanka,Robusta/Arabica,1388534400,1419984000,2160000.0
Thailand,Robusta/Arabica,1388534400,1419984000,50700000.0
Togo,Robusta,1388534400,1419984000,8580000.0
Trinidad & Tobago,Robusta,1388534400,1419984000,720000.0
Uganda,Robusta/Arabica,1388534400,1419984000,224640000.0
Venezuela,Arabica,1388534400,1419984000,39000000.0
Viet Nam,Robusta/Arabica,1388534400,1419984000,1634460000.0
Yemen,Arabica,1388534400,1419984000,10680000.0
Angola,Robusta/Arabica,1420070400,1451520000,2460000.0
Bolivia,Arabica,1420070400,1451520000,5040000.0
Brazil,Arabica/Robusta,1420070400,1451520000,3172260000.0
Burundi,Arabica/Robusta,1420070400,1451520000,16140000.0
Ecuador,Arabica/Robusta,1420070400,1451520000,38640000.0
Indonesia,Robusta/Arabica,1420070400,1451520000,755100000.0
Madagascar,Robusta,1420070400,1451520000,24840000.0
Malawi,Arabica,1420070400,1451520000,1260000.0
Papua New Guinea,Arabica/Robusta,1420070400,1451520000,42720000.0
Paraguay,Arabica,1420070400,1451520000,1200000.0
Peru,Arabica,1420070400,1451520000,198240000.0
Rwanda,Arabica,1420070400,1451520000,17580000.0
Timor-Leste,Arabica,1420070400,1451520000,3540000.0
Zimbabwe,Arabica,1420070400,1451520000,840000.0
Congo,Robusta,1420070400,1451520000,180000.0
Cuba,Arabica,1420070400,1451520000,6000000.0
Dominican Republic,Arabica/Robusta,1420070400,1451520000,24000000.0
Haiti,Arabica,1420070400,1451520000,20460000.0
Philippines,Robusta/Arabica,1420070400,1451520000,12480000.0
Tanzania,Arabica/Robusta,1420070400,1451520000,55800000.0
Zambia,Arabica,1420070400,1451520000,240000.0
Cameroon,Robusta/Arabica,1420070400,1451520000,23460000.0
Central African Republic,Robusta,1420070400,1451520000,6000000.0
Colombia,Arabica,1420070400,1451520000,840540000.0
Costa Rica,Arabica,1420070400,1451520000,86400000.0
Côte d'Ivoire,Robusta,1420070400,1451520000,77340000.0
Democratic Republic of Congo,Robusta/Arabica,1420070400,1451520000,22260000.0
El Salvador,Arabica,1420070400,1451520000,33900000.0
Equatorial Guinea,Robusta,1420070400,1451520000,0.0
Ethiopia,Arabica,1420070400,1451520000,390900000.0
Gabon,Robusta,1420070400,1451520000,60000.0
Ghana,Robusta,1420070400,1451520000,2160000.0
Guatemala,Arabica/Robusta,1420070400,1451520000,204600000.0
Guinea,Robusta,1420070400,1451520000,17160000.0
Guyana,Robusta,1420070400,1451520000,660000.0
Honduras,Arabica,1420070400,1451520000,347160000.0
India,Robusta/Arabica,1420070400,1451520000,349800000.0
Jamaica,Arabica,1420070400,1451520000,1200000.0
Kenya,Arabica,1420070400,1451520000,47940000.0
Lao People's Democratic Republic,Robusta,1420070400,1451520000,32100000.0
Liberia,Robusta,1420070400,1451520000,600000.0
Mexico,Arabica/Robusta,1420070400,1451520000,166320000.0
Nepal,Arabica,1420070400,1451520000,120000.0
Nicaragua,Arabica,1420070400,1451520000,127800000.0
Nigeria,Robusta,1420070400,1451520000,2460000.0
Panama,Arabica,1420070400,1451520000,7620000.0
Sierra Leone,Robusta,1420070400,1451520000,2760000.0
Sri Lanka,Robusta/Arabica,1420070400,1451520000,2160000.0
Thailand,Robusta/Arabica,1420070400,1451520000,45720000.0
Togo,Robusta,1420070400,1451520000,4860000.0
Trinidad & Tobago,Robusta,1420070400,1451520000,720000.0
Uganda,Robusta/Arabica,1420070400,1451520000,219000000.0
Venezuela,Arabica,1420070400,1451520000,30000000.0
Viet Nam,Robusta/Arabica,1420070400,1451520000,1865400000.0
Yemen,Arabica,1420070400,1451520000,9360000.0
Angola,Robusta/Arabica,1451606400,1483142400,2700000.0
Bolivia,Arabica,1451606400,1483142400,4680000.0
Brazil,Arabica/Robusta,1451606400,1483142400,3407280000.0
Burundi,Arabica/Robusta,1451606400,1483142400,11760000.0
Ecuador,Arabica/Robusta,1451606400,1483142400,38700000.0
Indonesia,Robusta/Arabica,1451606400,1483142400,692460000.0
Madagascar,Robusta,1451606400,1483142400,27180000.0
Malawi,Arabica,1451606400,1483142400,1200000.0
Papua New Guinea,Arabica/Robusta,1451606400,1483142400,70260000.0
Paraguay,Arabica,1451606400,1483142400,1200000.0
Peru,Arabica,1451606400,1483142400,253380000.0
Rwanda,Arabica,1451606400,1483142400,13860000.0
Timor-Leste,Arabica,1451606400,1483142400,4920000.0
Zimbabwe,Arabica,1451606400,1483142400,900000.0
Congo,Robusta,1451606400,1483142400,180000.0
Cuba,Arabica,1451606400,1483142400,6180000.0
Dominican Republic,Arabica/Robusta,1451606400,1483142400,24720000.0
Haiti,Arabica,1451606400,1483142400,20520000.0
Philippines,Robusta/Arabica,1451606400,1483142400,12900000.0
Tanzania,Arabica/Robusta,1451606400,1483142400,50760000.0
Zambia,Arabica,1451606400,1483142400,780000.0
Cameroon,Robusta/Arabica,1451606400,1483142400,17520000.0
Central African Republic,Robusta,1451606400,1483142400,2220000.0
Colombia,Arabica,1451606400,1483142400,878040000.0
Costa Rica,Arabica,1451606400,1483142400,82320000.0
Côte d'Ivoire,Robusta,1451606400,1483142400,67020000.0
Democratic Republic of Congo,Robusta/Arabica,1451606400,1483142400,16740000.0
El Salvador,Arabica,1451606400,1483142400,36600000.0
Equatorial Guinea,Robusta,1451606400,1483142400,0.0
Ethiopia,Arabica,1451606400,1483142400,428580000.0
Gabon,Robusta,1451606400,1483142400,0.0
Ghana,Robusta,1451606400,1483142400,1560000.0
Guatemala,Arabica/Robusta,1451606400,1483142400,221040000.0
Guinea,Robusta,1451606400,1483142400,16200000.0
Guyana,Robusta,1451606400,1483142400,600000.0
Honduras,Arabica,1451606400,1483142400,447420000.0
India,Robusta/Arabica,1451606400,1483142400,369660000.0
Jamaica,Arabica,1451606400,1483142400,1080000.0
Kenya,Arabica,1451606400,1483142400,47580000.0
Lao People's Democratic Republic,Robusta,1451606400,1483142400,30600000.0
Liberia,Robusta,1451606400,1483142400,720000.0
Mexico,Arabica/Robusta,1451606400,1483142400,218100000.0
Nepal,Arabica,1451606400,1483142400,60000.0
Nicaragua,Arabica,1451606400,1483142400,153300000.0
Nigeria,Robusta,1451606400,1483142400,2580000.0
Panama,Arabica,1451606400,1483142400,7200000.0
Sierra Leone,Robusta,1451606400,1483142400,2280000.0
Sri Lanka,Robusta/Arabica,1451606400,1483142400,2220000.0
Thailand,Robusta/Arabica,1451606400,1483142400,32280000.0
Togo,Robusta,1451606400,1483142400,1380000.0
Trinidad & Tobago,Robusta,1451606400,1483142400,720000.0
Uganda,Robusta/Arabica,1451606400,1483142400,297720000.0
Venezuela,Arabica,1451606400,1483142400,31500000.0
Viet Nam,Robusta/Arabica,1451606400,1483142400,1669140000.0
Yemen,Arabica,1451606400,1483142400,8580000.0
Angola,Robusta/Arabica,1483228800,1514678400,2100000.0
Bolivia,Arabica,1483228800,1514678400,5040000.0
Brazil,Arabica/Robusta,1483228800,1514678400,3164400000.0
Burundi,Arabica/Robusta,1483228800,1514678400,12120000.0
Ecuador,Arabica/Robusta,1483228800,1514678400,37440000.0
Indonesia,Robusta/Arabica,1483228800,1514678400,651120000.0
Madagascar,Robusta,1483228800,1514678400,24240000.0
Malawi,Arabica,1483228800,1514678400,840000.0
Papua New Guinea,Arabica/Robusta,1483228800,1514678400,44040000.0
Paraguay,Arabica,1483228800,1514678400,1200000.0
Peru,Arabica,1483228800,1514678400,256740000.0
Rwanda,Arabica,1483228800,1514678400,15840000.0
Timor-Leste,Arabica,1483228800,1514678400,3900000.0
Zimbabwe,Arabica,1483228800,1514678400,420000.0
Congo,Robusta,1483228800,1514678400,180000.0
Cuba,Arabica,1483228800,1514678400,6780000.0
Dominican Republic,Arabica/Robusta,1483228800,1514678400,24720000.0
Haiti,Arabica,1483228800,1514678400,20520000.0
Philippines,Robusta/Arabica,1483228800,1514678400,12180000.0
Tanzania,Arabica/Robusta,1483228800,1514678400,46980000.0
Zambia,Arabica,1483228800,1514678400,1140000.0
Cameroon,Robusta/Arabica,1483228800,1514678400,22200000.0
Central African Republic,Robusta,1483228800,1514678400,3600000.0
Colombia,Arabica,1483228800,1514678400,829440000.0
Costa Rica,Arabica,1483228800,1514678400,93660000.0
Côte d'Ivoire,Robusta,1483228800,1514678400,97440000.0
Democratic Republic of Congo,Robusta/Arabica,1483228800,1514678400,22920000.0
El Salvador,Arabica,1483228800,1514678400,45600000.0
Equatorial Guinea,Robusta,1483228800,1514678400,0.0
Ethiopia,Arabica,1483228800,1514678400,440820000.0
Gabon,Robusta,1483228800,1514678400,0.0
Ghana,Robusta,1483228800,1514678400,780000.0
Guatemala,Arabica/Robusta,1483228800,1514678400,224040000.0
Guinea,Robusta,1483228800,1514678400,13740000.0
Guyana,Robusta,1483228800,1514678400,600000.0
Honduras,Arabica,1483228800,1514678400,453600000.0
India,Robusta/Arabica,1483228800,1514678400,348780000.0
Jamaica,Arabica,1483228800,1514678400,1140000.0
Kenya,Arabica,1483228800,1514678400,47400000.0
Lao People's Democratic Republic,Robusta,1483228800,1514678400,31980000.0
Liberia,Robusta,1483228800,1514678400,960000.0
Mexico,Arabica/Robusta,1483228800,1514678400,269100000.0
Nepal,Arabica,1483228800,1514678400,120000.0
Nicaragua,Arabica,1483228800,1514678400,158520000.0
Nigeria,Robusta,1483228800,1514678400,2520000.0
Panama,Arabica,1483228800,1514678400,6300000.0
Sierra Leone,Robusta,1483228800,1514678400,2280000.0
Sri Lanka,Robusta/Arabica,1483228800,1514678400,2220000.0
Thailand,Robusta/Arabica,1483228800,1514678400,38280000.0
Togo,Robusta,1483228800,1514678400,6900000.0
Trinidad & Tobago,Robusta,1483228800,1514678400,720000.0
Uganda,Robusta/Arabica,1483228800,1514678400,275820000.0
Venezuela,Arabica,1483228800,1514678400,34320000.0
Viet Nam,Robusta/Arabica,1483228800,1514678400,2005920000.0
Yemen,Arabica,1483228800,1514678400,7920000.0
Angola,Robusta/Arabica,1514764800,1546214400,2520000.0
Bolivia,Arabica,1514764800,1546214400,4980000.0
Brazil,Arabica/Robusta,1514764800,1546214400,3907860000.0
Burundi,Arabica/Robusta,1514764800,1546214400,12240000.0
Ecuador,Arabica/Robusta,1514764800,1546214400,29760000.0
Indonesia,Robusta/Arabica,1514764800,1546214400,577080000.0
Madagascar,Robusta,1514764800,1546214400,22740000.0
Malawi,Arabica,1514764800,1546214400,780000.0
Papua New Guinea,Arabica/Robusta,1514764800,1546214400,55800000.0
Paraguay,Arabica,1514764800,1546214400,1200000.0
Peru,Arabica,1514764800,1546214400,255780000.0
Rwanda,Arabica,1514764800,1546214400,22800000.0
Timor-Leste,Arabica,1514764800,1546214400,8340000.0
Zimbabwe,Arabica,1514764800,1546214400,600000.0
Congo,Robusta,1514764800,1546214400,180000.0
Cuba,Arabica,1514764800,1546214400,7680000.0
Dominican Republic,Arabica/Robusta,1514764800,1546214400,25860000.0
Haiti,Arabica,1514764800,1546214400,20820000.0
Philippines,Robusta/Arabica,1514764800,1546214400,12360000.0
Tanzania,Arabica/Robusta,1514764800,1546214400,70500000.0
Zambia,Arabica,1514764800,1546214400,2040000.0
Cameroon,Robusta/Arabica,1514764800,1546214400,18600000.0
Central African Republic,Robusta,1514764800,1546214400,2220000.0
Colombia,Arabica,1514764800,1546214400,831960000.0
Costa Rica,Arabica,1514764800,1546214400,85620000.0
Côte d'Ivoire,Robusta,1514764800,1546214400,130500000.0
Democratic Republic of Congo,Robusta/Arabica,1514764800,1546214400,23820000.0
El Salvador,Arabica,1514764800,1546214400,45660000.0
Equatorial Guinea,Robusta,1514764800,1546214400,0.0
Ethiopia,Arabica,1514764800,1546214400,450660000.0
Gabon,Robusta,1514764800,1546214400,60000.0
Ghana,Robusta,1514764800,1546214400,900000.0
Guatemala,Arabica/Robusta,1514764800,1546214400,240420000.0
Guinea,Robusta,1514764800,1546214400,9180000.0
Guyana,Robusta,1514764800,1546214400,600000.0
Honduras,Arabica,1514764800,1546214400,429180000.0
India,Robusta/Arabica,1514764800,1546214400,319500000.0
Jamaica,Arabica,1514764800,1546214400,1080000.0
Kenya,Arabica,1514764800,1546214400,55800000.0
Lao People's Democratic Republic,Robusta,1514764800,1546214400,38820000.0
Liberia,Robusta,1514764800,1546214400,360000.0
Mexico,Arabica/Robusta,1514764800,1546214400,261060000.0
Nepal,Arabica,1514764800,1546214400,60000.0
Nicaragua,Arabica,1514764800,1546214400,172740000.0
Nigeria,Robusta,1514764800,1546214400,2520000.0
Panama,Arabica,1514764800,1546214400,7680000.0
Sierra Leone,Robusta,1514764800,1546214400,2700000.0
Sri Lanka,Robusta/Arabica,1514764800,1546214400,2160000.0
Thailand,Robusta/Arabica,1514764800,1546214400,28920000.0
Togo,Robusta,1514764800,1546214400,3240000.0
Trinidad & Tobago,Robusta,1514764800,1546214400,780000.0
Uganda,Robusta/Arabica,1514764800,1546214400,282240000.0
Venezuela,Arabica,1514764800,1546214400,34680000.0
Viet Nam,Robusta/Arabica,1514764800,1546214400,1816980000.0
Yemen,Arabica,1514764800,1546214400,5160000.0
Angola,Robusta/Arabica,1546300800,1577750400,3120000.0
Bolivia,Arabica,1546300800,1577750400,4860000.0
Brazil,Arabica/Robusta,1546300800,1577750400,3492660000.0
Burundi,Arabica/Robusta,1546300800,1577750400,16320000.0
Ecuador,Arabica/Robusta,1546300800,1577750400,33540000.0
Indonesia,Robusta/Arabica,1546300800,1577750400,685980000.0
Madagascar,Robusta,1546300800,1577750400,22980000.0
Malawi,Arabica,1546300800,1577750400,960000.0
Papua New Guinea,Arabica/Robusta,1546300800,1577750400,45120000.0
Paraguay,Arabica,1546300800,1577750400,1200000.0
Peru,Arabica,1546300800,1577750400,230160000.0
Rwanda,Arabica,1546300800,1577750400,20880000.0
Timor-Leste,Arabica,1546300800,1577750400,6180000.0
Zimbabwe,Arabica,1546300800,1577750400,540000.0
Congo,Robusta,1546300800,1577750400,180000.0
Cuba,Arabica,1546300800,1577750400,7800000.0
Dominican Republic,Arabica/Robusta,1546300800,1577750400,24120000.0
Haiti,Arabica,1546300800,1577750400,20820000.0
Philippines,Robusta/Arabica,1546300800,1577750400,18420000.0
Tanzania,Arabica/Robusta,1546300800,1577750400,55560000.0
Zambia,Arabica,1546300800,1577750400,900000.0
Cameroon,Robusta/Arabica,1546300800,1577750400,16080000.0
Central African Republic,Robusta,1546300800,1577750400,3300000.0
Colombia,Arabica,1546300800,1577750400,846000000.0
Costa Rica,Arabica,1546300800,1577750400,88320000.0
Côte d'Ivoire,Robusta,1546300800,1577750400,115740000.0
Democratic Republic of Congo,Robusta/Arabica,1546300800,1577750400,23460000.0
El Salvador,Arabica,1546300800,1577750400,39660000.0
Equatorial Guinea,Robusta,1546300800,1577750400,0.0
Ethiopia,Arabica,1546300800,1577750400,440580000.0
Gabon,Robusta,1546300800,1577750400,0.0
Ghana,Robusta,1546300800,1577750400,840000.0
Guatemala,Arabica/Robusta,1546300800,1577750400,216360000.0
Guinea,Robusta,1546300800,1577750400,10680000.0
Guyana,Robusta,1546300800,1577750400,600000.0
Honduras,Arabica,1546300800,1577750400,355860000.0
India,Robusta/Arabica,1546300800,1577750400,299280000.0
Jamaica,Arabica,1546300800,1577750400,1380000.0
Kenya,Arabica,1546300800,1577750400,50640000.0
Lao People's Democratic Republic,Robusta,1546300800,1577750400,37320000.0
Liberia,Robusta,1546300800,1577750400,360000.0
Mexico,Arabica/Robusta,1546300800,1577750400,239100000.0
Nepal,Arabica,1546300800,1577750400,60000.0
Nicaragua,Arabica,1546300800,1577750400,172920000.0
Nigeria,Robusta,1546300800,1577750400,2520000.0
Panama,Arabica,1546300800,1577750400,6840000.0
Sierra Leone,Robusta,1546300800,1577750400,2400000.0
Sri Lanka,Robusta/Arabica,1546300800,1577750400,2160000.0
Thailand,Robusta/Arabica,1546300800,1577750400,31020000.0
Togo,Robusta,1546300800,1577750400,2460000.0
Trinidad & Tobago,Robusta,1546300800,1577750400,720000.0
Uganda,Robusta/Arabica,1546300800,1577750400,330540000.0
Venezuela,Arabica,1546300800,1577750400,39000000.0
Viet Nam,Robusta/Arabica,1546300800,1577750400,1829220000.0
Yemen,Arabica,1546300800,1577750400,5460000.0
